x	y	key	tooltip	clickSelects	showSelected1
-0.263149991194429	-0.263149991194429	1	fold 1 featureless=-0.263 rpart=-0.263	1	sin easy 10
-0.281412135577668	-0.281412135577668	2	fold 2 featureless=-0.281 rpart=-0.281	2	sin easy 10
-0.272395847411473	-0.272395847411473	3	fold 3 featureless=-0.272 rpart=-0.272	3	sin easy 10
-0.301669969241905	-0.301669969241905	4	fold 4 featureless=-0.302 rpart=-0.302	4	sin easy 10
-0.304895193677652	-0.304895193677652	5	fold 5 featureless=-0.305 rpart=-0.305	5	sin easy 10
-0.286544441287748	-0.286544441287748	6	fold 6 featureless=-0.287 rpart=-0.287	6	sin easy 10
-0.253645970442366	-0.253645970442366	1	fold 1 featureless=-0.254 rpart=-0.254	1	sin easy 14
-0.3056569488246	-0.3056569488246	2	fold 2 featureless=-0.306 rpart=-0.306	2	sin easy 14
-0.259002064331294	-0.259002064331294	3	fold 3 featureless=-0.259 rpart=-0.259	3	sin easy 14
-0.29614883047987	-0.29614883047987	4	fold 4 featureless=-0.296 rpart=-0.296	4	sin easy 14
-0.303492277688444	-0.303492277688444	5	fold 5 featureless=-0.303 rpart=-0.303	5	sin easy 14
-0.298827773758067	-0.298827773758067	6	fold 6 featureless=-0.299 rpart=-0.299	6	sin easy 14
-0.263367406449034	-0.263367406449034	1	fold 1 featureless=-0.263 rpart=-0.263	1	sin easy 19
-0.297817757657029	-0.297817757657029	2	fold 2 featureless=-0.298 rpart=-0.298	2	sin easy 19
-0.278033877348198	-0.278033877348198	3	fold 3 featureless=-0.278 rpart=-0.278	3	sin easy 19
-0.327831987633613	-0.327831987633613	4	fold 4 featureless=-0.328 rpart=-0.328	4	sin easy 19
-0.304886944745361	-0.304886944745361	5	fold 5 featureless=-0.305 rpart=-0.305	5	sin easy 19
-0.299871087270016	-0.299871087270016	6	fold 6 featureless=-0.300 rpart=-0.300	6	sin easy 19
-0.262351305597745	-0.301403150118009	1	fold 1 featureless=-0.262 rpart=-0.301	1	sin easy 25
-0.285600682352604	-0.332744128741337	2	fold 2 featureless=-0.286 rpart=-0.333	2	sin easy 25
-0.2743734545577	-0.343085460601043	3	fold 3 featureless=-0.274 rpart=-0.343	3	sin easy 25
-0.320839715651816	-0.336274074614933	4	fold 4 featureless=-0.321 rpart=-0.336	4	sin easy 25
-0.284580899224403	-0.294909211982411	5	fold 5 featureless=-0.285 rpart=-0.295	5	sin easy 25
-0.305986266272981	-0.326331850649888	6	fold 6 featureless=-0.306 rpart=-0.326	6	sin easy 25
-0.255216425223227	-0.297690142034745	1	fold 1 featureless=-0.255 rpart=-0.298	1	sin easy 35
-0.290875598175966	-0.357361221299419	2	fold 2 featureless=-0.291 rpart=-0.357	2	sin easy 35
-0.275092155832361	-0.336974817682253	3	fold 3 featureless=-0.275 rpart=-0.337	3	sin easy 35
-0.312515372602577	-0.368942618469573	4	fold 4 featureless=-0.313 rpart=-0.369	4	sin easy 35
-0.279879617968097	-0.442849499534604	5	fold 5 featureless=-0.280 rpart=-0.443	5	sin easy 35
-0.303334893058413	-0.388815373486522	6	fold 6 featureless=-0.303 rpart=-0.389	6	sin easy 35
-0.262533474265033	-0.545144043880264	1	fold 1 featureless=-0.263 rpart=-0.545	1	sin easy 48
-0.305941879635995	-0.598676447850253	2	fold 2 featureless=-0.306 rpart=-0.599	2	sin easy 48
-0.278585581790734	-0.590711490573161	3	fold 3 featureless=-0.279 rpart=-0.591	3	sin easy 48
-0.32864764538106	-0.625349689503292	4	fold 4 featureless=-0.329 rpart=-0.625	4	sin easy 48
-0.295422153611623	-0.620939488309201	5	fold 5 featureless=-0.295 rpart=-0.621	5	sin easy 48
-0.299220692951163	-0.551714339600192	6	fold 6 featureless=-0.299 rpart=-0.552	6	sin easy 48
-0.256619425898816	-0.56638253453649	1	fold 1 featureless=-0.257 rpart=-0.566	1	sin easy 65
-0.305603233388196	-0.601545198728882	2	fold 2 featureless=-0.306 rpart=-0.602	2	sin easy 65
-0.279452498245635	-0.795570862691714	3	fold 3 featureless=-0.279 rpart=-0.796	3	sin easy 65
-0.326904851400021	-0.709251713554138	4	fold 4 featureless=-0.327 rpart=-0.709	4	sin easy 65
-0.301312805902905	-0.911861545400739	5	fold 5 featureless=-0.301 rpart=-0.912	5	sin easy 65
-0.289158807319568	-0.598270447688941	6	fold 6 featureless=-0.289 rpart=-0.598	6	sin easy 65
-0.251223312000492	-0.94895696506106	1	fold 1 featureless=-0.251 rpart=-0.949	1	sin easy 89
-0.303257054780283	-0.889635912562904	2	fold 2 featureless=-0.303 rpart=-0.890	2	sin easy 89
-0.280046917641453	-0.904826319154226	3	fold 3 featureless=-0.280 rpart=-0.905	3	sin easy 89
-0.322719600649517	-0.926242256870578	4	fold 4 featureless=-0.323 rpart=-0.926	4	sin easy 89
-0.298580372656131	-0.909095210691701	5	fold 5 featureless=-0.299 rpart=-0.909	5	sin easy 89
-0.297058801345019	-0.895271321360154	6	fold 6 featureless=-0.297 rpart=-0.895	6	sin easy 89
-0.251320013099531	-1.07095499116094	1	fold 1 featureless=-0.251 rpart=-1.071	1	sin easy 121
-0.300984760094589	-1.03637174112739	2	fold 2 featureless=-0.301 rpart=-1.036	2	sin easy 121
-0.279904204490199	-1.0681725639496	3	fold 3 featureless=-0.280 rpart=-1.068	3	sin easy 121
-0.322050788477823	-0.993434610750245	4	fold 4 featureless=-0.322 rpart=-0.993	4	sin easy 121
-0.300736417429112	-1.01709717374906	5	fold 5 featureless=-0.301 rpart=-1.017	5	sin easy 121
-0.295719688539905	-0.950800097354679	6	fold 6 featureless=-0.296 rpart=-0.951	6	sin easy 121
-0.249640417103692	-1.32193673026358	1	fold 1 featureless=-0.250 rpart=-1.322	1	sin easy 165
-0.296644603477655	-1.20402184422457	2	fold 2 featureless=-0.297 rpart=-1.204	2	sin easy 165
-0.279682243716429	-1.11615807109594	3	fold 3 featureless=-0.280 rpart=-1.116	3	sin easy 165
-0.318660432410436	-1.05761709124726	4	fold 4 featureless=-0.319 rpart=-1.058	4	sin easy 165
-0.298786552840027	-1.08626112808493	5	fold 5 featureless=-0.299 rpart=-1.086	5	sin easy 165
-0.298772270379544	-1.14844799633395	6	fold 6 featureless=-0.299 rpart=-1.148	6	sin easy 165
-0.250143592502292	-1.35189833796928	1	fold 1 featureless=-0.250 rpart=-1.352	1	sin easy 226
-0.298992206235589	-1.30408158049007	2	fold 2 featureless=-0.299 rpart=-1.304	2	sin easy 226
-0.280019544344123	-1.18683663159039	3	fold 3 featureless=-0.280 rpart=-1.187	3	sin easy 226
-0.325371528898035	-1.24401901764208	4	fold 4 featureless=-0.325 rpart=-1.244	4	sin easy 226
-0.304638782261637	-1.16900099954607	5	fold 5 featureless=-0.305 rpart=-1.169	5	sin easy 226
-0.294055329939037	-1.207614283655	6	fold 6 featureless=-0.294 rpart=-1.208	6	sin easy 226
-0.257826302750699	-1.35067314687939	1	fold 1 featureless=-0.258 rpart=-1.351	1	sin easy 308
-0.301893110347717	-1.26784505195212	2	fold 2 featureless=-0.302 rpart=-1.268	2	sin easy 308
-0.279810655021778	-1.27712752959277	3	fold 3 featureless=-0.280 rpart=-1.277	3	sin easy 308
-0.325156810868404	-1.18637556065412	4	fold 4 featureless=-0.325 rpart=-1.186	4	sin easy 308
-0.303315538705175	-1.19437666260385	5	fold 5 featureless=-0.303 rpart=-1.194	5	sin easy 308
-0.300551842801267	-1.25360792361514	6	fold 6 featureless=-0.301 rpart=-1.254	6	sin easy 308
-0.256187025846997	-1.32210466790861	1	fold 1 featureless=-0.256 rpart=-1.322	1	sin easy 421
-0.299533699483255	-1.30194068432635	2	fold 2 featureless=-0.300 rpart=-1.302	2	sin easy 421
-0.279937522263565	-1.31815725807745	3	fold 3 featureless=-0.280 rpart=-1.318	3	sin easy 421
-0.323480356786885	-1.21825969626104	4	fold 4 featureless=-0.323 rpart=-1.218	4	sin easy 421
-0.303786862120588	-1.24042568559858	5	fold 5 featureless=-0.304 rpart=-1.240	5	sin easy 421
-0.299719887088705	-1.30290216467628	6	fold 6 featureless=-0.300 rpart=-1.303	6	sin easy 421
-0.257861767833688	-1.24125667696298	1	fold 1 featureless=-0.258 rpart=-1.241	1	sin easy 575
-0.302511463314089	-1.26728340959065	2	fold 2 featureless=-0.303 rpart=-1.267	2	sin easy 575
-0.27979120757888	-1.25942529445696	3	fold 3 featureless=-0.280 rpart=-1.259	3	sin easy 575
-0.325102158143155	-1.21641334471702	4	fold 4 featureless=-0.325 rpart=-1.216	4	sin easy 575
-0.305064566157455	-1.26477236926875	5	fold 5 featureless=-0.305 rpart=-1.265	5	sin easy 575
-0.296325058730163	-1.2893536157067	6	fold 6 featureless=-0.296 rpart=-1.289	6	sin easy 575
-0.261047140529519	-1.27720030330553	1	fold 1 featureless=-0.261 rpart=-1.277	1	sin easy 785
-0.304937334129445	-1.24093313791623	2	fold 2 featureless=-0.305 rpart=-1.241	2	sin easy 785
-0.279105255782734	-1.27333739969254	3	fold 3 featureless=-0.279 rpart=-1.273	3	sin easy 785
-0.326156853243078	-1.22712436203456	4	fold 4 featureless=-0.326 rpart=-1.227	4	sin easy 785
-0.30424584081761	-1.29260881373151	5	fold 5 featureless=-0.304 rpart=-1.293	5	sin easy 785
-0.30029737076989	-1.30851612305237	6	fold 6 featureless=-0.300 rpart=-1.309	6	sin easy 785
-0.263181769970694	-1.34511622845339	1	fold 1 featureless=-0.263 rpart=-1.345	1	sin easy 1072
-0.305821479878214	-1.3342784143036	2	fold 2 featureless=-0.306 rpart=-1.334	2	sin easy 1072
-0.27792986777285	-1.36878096389412	3	fold 3 featureless=-0.278 rpart=-1.369	3	sin easy 1072
-0.328305274592424	-1.28528103800812	4	fold 4 featureless=-0.328 rpart=-1.285	4	sin easy 1072
-0.305003746724558	-1.28053727119642	5	fold 5 featureless=-0.305 rpart=-1.281	5	sin easy 1072
-0.298189121550319	-1.28373440792255	6	fold 6 featureless=-0.298 rpart=-1.284	6	sin easy 1072
-0.263003340333399	-1.28054636768018	1	fold 1 featureless=-0.263 rpart=-1.281	1	sin easy 1464
-0.305944010939907	-1.30095699474296	2	fold 2 featureless=-0.306 rpart=-1.301	2	sin easy 1464
-0.278075494290445	-1.36187149961169	3	fold 3 featureless=-0.278 rpart=-1.362	3	sin easy 1464
-0.328061362204009	-1.29218511704162	4	fold 4 featureless=-0.328 rpart=-1.292	4	sin easy 1464
-0.304901890212801	-1.28160702952642	5	fold 5 featureless=-0.305 rpart=-1.282	5	sin easy 1464
-0.297298438164843	-1.29739249986213	6	fold 6 featureless=-0.297 rpart=-1.297	6	sin easy 1464
-0.262813538736254	-1.29573073845409	1	fold 1 featureless=-0.263 rpart=-1.296	1	sin easy 2000
-0.305922979267882	-1.29536473425425	2	fold 2 featureless=-0.306 rpart=-1.295	2	sin easy 2000
-0.278561183708448	-1.36332887213767	3	fold 3 featureless=-0.279 rpart=-1.363	3	sin easy 2000
-0.327055230173904	-1.2503765298469	4	fold 4 featureless=-0.327 rpart=-1.250	4	sin easy 2000
-0.30428765153223	-1.27963805116072	5	fold 5 featureless=-0.304 rpart=-1.280	5	sin easy 2000
-0.298570310999324	-1.28171061415246	6	fold 6 featureless=-0.299 rpart=-1.282	6	sin easy 2000
0.49383244760574	0.49383244760574	1	fold 1 featureless=0.494 rpart=0.494	1	sin hard 10
0.59343088862258	0.59343088862258	2	fold 2 featureless=0.593 rpart=0.593	2	sin hard 10
0.564341130330388	0.564341130330388	3	fold 3 featureless=0.564 rpart=0.564	3	sin hard 10
0.492688141313517	0.492688141313517	4	fold 4 featureless=0.493 rpart=0.493	4	sin hard 10
0.534749851716642	0.534749851716642	5	fold 5 featureless=0.535 rpart=0.535	5	sin hard 10
0.51184983836417	0.51184983836417	6	fold 6 featureless=0.512 rpart=0.512	6	sin hard 10
0.492243294804455	0.492243294804455	1	fold 1 featureless=0.492 rpart=0.492	1	sin hard 14
0.582916576965718	0.582916576965718	2	fold 2 featureless=0.583 rpart=0.583	2	sin hard 14
0.558775262934475	0.558775262934475	3	fold 3 featureless=0.559 rpart=0.559	3	sin hard 14
0.489126385514936	0.489126385514936	4	fold 4 featureless=0.489 rpart=0.489	4	sin hard 14
0.53436823428191	0.53436823428191	5	fold 5 featureless=0.534 rpart=0.534	5	sin hard 14
0.511338924857915	0.511338924857915	6	fold 6 featureless=0.511 rpart=0.511	6	sin hard 14
0.499095754885258	0.499095754885258	1	fold 1 featureless=0.499 rpart=0.499	1	sin hard 19
0.600304477669503	0.600304477669503	2	fold 2 featureless=0.603 rpart=0.603	2	sin hard 19
0.574059170554662	0.574059170554662	3	fold 3 featureless=0.574 rpart=0.574	3	sin hard 19
0.468687181521652	0.468687181521652	4	fold 4 featureless=0.469 rpart=0.469	4	sin hard 19
0.5369886441004	0.5369886441004	5	fold 5 featureless=0.537 rpart=0.537	5	sin hard 19
0.508379285245324	0.508379285245324	6	fold 6 featureless=0.508 rpart=0.508	6	sin hard 19
0.519771546894582	0.51049614901523	1	fold 1 featureless=0.520 rpart=0.510	1	sin hard 25
0.600304477669503	0.600304477669503	2	fold 2 featureless=0.653 rpart=0.659	2	sin hard 25
0.600304477669503	0.600304477669503	3	fold 3 featureless=0.618 rpart=0.638	3	sin hard 25
0.476475273014351	0.484652492521067	4	fold 4 featureless=0.476 rpart=0.485	4	sin hard 25
0.556010475774754	0.553234934193189	5	fold 5 featureless=0.556 rpart=0.553	5	sin hard 25
0.506970328088078	0.522701692457046	6	fold 6 featureless=0.507 rpart=0.523	6	sin hard 25
0.51280043401964	0.507074378762361	1	fold 1 featureless=0.513 rpart=0.507	1	sin hard 35
0.593062953671749	0.566706748547108	2	fold 2 featureless=0.593 rpart=0.567	2	sin hard 35
0.590463522645404	0.579817042759941	3	fold 3 featureless=0.590 rpart=0.580	3	sin hard 35
0.473062548827432	0.52793914413856	4	fold 4 featureless=0.473 rpart=0.528	4	sin hard 35
0.551798317870249	0.583013391884846	5	fold 5 featureless=0.552 rpart=0.583	5	sin hard 35
0.506750753024047	0.517552778799207	6	fold 6 featureless=0.507 rpart=0.518	6	sin hard 35
0.494363148440852	0.475455698999258	1	fold 1 featureless=0.494 rpart=0.475	1	sin hard 48
0.541637832282943	0.58651646813355	2	fold 2 featureless=0.542 rpart=0.587	2	sin hard 48
0.564479124897438	0.549666343614552	3	fold 3 featureless=0.564 rpart=0.550	3	sin hard 48
0.468734253953212	0.510269149055636	4	fold 4 featureless=0.469 rpart=0.510	4	sin hard 48
0.548507911332027	0.589349173510255	5	fold 5 featureless=0.549 rpart=0.589	5	sin hard 48
0.507418785947974	0.567846554660599	6	fold 6 featureless=0.507 rpart=0.568	6	sin hard 48
0.496527114110123	0.479856487358497	1	fold 1 featureless=0.497 rpart=0.480	1	sin hard 65
0.534537179451257	0.549138659908361	2	fold 2 featureless=0.535 rpart=0.549	2	sin hard 65
0.564537238112485	0.542217075668229	3	fold 3 featureless=0.565 rpart=0.542	3	sin hard 65
0.470394808903028	0.493940294004464	4	fold 4 featureless=0.470 rpart=0.494	4	sin hard 65
0.544230771906202	0.566650112050018	5	fold 5 featureless=0.544 rpart=0.567	5	sin hard 65
0.506924888775929	0.530097580395639	6	fold 6 featureless=0.507 rpart=0.530	6	sin hard 65
0.492579589600577	0.428565799760442	1	fold 1 featureless=0.493 rpart=0.429	1	sin hard 89
0.524757723259461	0.520722575937451	2	fold 2 featureless=0.525 rpart=0.521	2	sin hard 89
0.557935247850917	0.530448766575683	3	fold 3 featureless=0.558 rpart=0.530	3	sin hard 89
0.46863222484707	0.499852756585112	4	fold 4 featureless=0.469 rpart=0.500	4	sin hard 89
0.543222913971595	0.539666138538641	5	fold 5 featureless=0.543 rpart=0.540	5	sin hard 89
0.506608088544461	0.501124790701737	6	fold 6 featureless=0.507 rpart=0.501	6	sin hard 89
0.493674157119247	0.460203210416156	1	fold 1 featureless=0.494 rpart=0.460	1	sin hard 121
0.523842003691294	0.546525017031034	2	fold 2 featureless=0.524 rpart=0.547	2	sin hard 121
0.557150294241259	0.521712796931222	3	fold 3 featureless=0.557 rpart=0.522	3	sin hard 121
0.474144998168829	0.527452359071038	4	fold 4 featureless=0.474 rpart=0.527	4	sin hard 121
0.534102341701956	0.549910015080473	5	fold 5 featureless=0.534 rpart=0.550	5	sin hard 121
0.515589797644222	0.495497613035077	6	fold 6 featureless=0.516 rpart=0.495	6	sin hard 121
0.491972724393083	0.465253143873381	1	fold 1 featureless=0.492 rpart=0.465	1	sin hard 165
0.521093492977967	0.53159570247348	2	fold 2 featureless=0.521 rpart=0.532	2	sin hard 165
0.558364835620072	0.493035362264621	3	fold 3 featureless=0.558 rpart=0.493	3	sin hard 165
0.477412480589718	0.550919149973108	4	fold 4 featureless=0.477 rpart=0.551	4	sin hard 165
0.534127871160535	0.542430953189979	5	fold 5 featureless=0.534 rpart=0.542	5	sin hard 165
0.52265516400575	0.497036410524681	6	fold 6 featureless=0.523 rpart=0.497	6	sin hard 165
0.49194589576053	0.453664704785246	1	fold 1 featureless=0.492 rpart=0.454	1	sin hard 226
0.520712274484827	0.52316883276105	2	fold 2 featureless=0.521 rpart=0.523	2	sin hard 226
0.55779843972855	0.509837450857217	3	fold 3 featureless=0.558 rpart=0.510	3	sin hard 226
0.479818805290913	0.490375349517986	4	fold 4 featureless=0.480 rpart=0.490	4	sin hard 226
0.534672838165032	0.501522492150698	5	fold 5 featureless=0.535 rpart=0.502	5	sin hard 226
0.522337880062623	0.487896984667765	6	fold 6 featureless=0.522 rpart=0.488	6	sin hard 226
0.494607682159326	0.427880636472733	1	fold 1 featureless=0.495 rpart=0.428	1	sin hard 308
0.520404233226216	0.515578783082459	2	fold 2 featureless=0.520 rpart=0.516	2	sin hard 308
0.559099793561906	0.495088327064522	3	fold 3 featureless=0.559 rpart=0.495	3	sin hard 308
0.483194541661355	0.488090347592184	4	fold 4 featureless=0.483 rpart=0.488	4	sin hard 308
0.534644209752769	0.517536069226835	5	fold 5 featureless=0.535 rpart=0.518	5	sin hard 308
0.520128531616002	0.479963798703045	6	fold 6 featureless=0.520 rpart=0.480	6	sin hard 308
0.49417868783963	0.454390973891536	1	fold 1 featureless=0.494 rpart=0.454	1	sin hard 421
0.520417978073763	0.498207592409274	2	fold 2 featureless=0.520 rpart=0.498	2	sin hard 421
0.558573403715218	0.5079917383499	3	fold 3 featureless=0.559 rpart=0.508	3	sin hard 421
0.480863595547505	0.470407689928692	4	fold 4 featureless=0.481 rpart=0.470	4	sin hard 421
0.534309838303486	0.500335358601798	5	fold 5 featureless=0.534 rpart=0.500	5	sin hard 421
0.51964566888633	0.468042388387238	6	fold 6 featureless=0.520 rpart=0.468	6	sin hard 421
0.493911108057802	0.445625248761043	1	fold 1 featureless=0.494 rpart=0.446	1	sin hard 575
0.520370517107554	0.49521488252935	2	fold 2 featureless=0.520 rpart=0.495	2	sin hard 575
0.55769966240789	0.482778382150313	3	fold 3 featureless=0.558 rpart=0.483	3	sin hard 575
0.47910653681876	0.466054482210357	4	fold 4 featureless=0.479 rpart=0.466	4	sin hard 575
0.534147871014277	0.482809448028669	5	fold 5 featureless=0.534 rpart=0.483	5	sin hard 575
0.517491894172936	0.467808390359807	6	fold 6 featureless=0.517 rpart=0.468	6	sin hard 575
0.49311036401161	0.412245470328089	1	fold 1 featureless=0.493 rpart=0.412	1	sin hard 785
0.52069841090215	0.486618299441992	2	fold 2 featureless=0.521 rpart=0.487	2	sin hard 785
0.556828788096859	0.503322999333032	3	fold 3 featureless=0.557 rpart=0.503	3	sin hard 785
0.473198887275409	0.436690716836772	4	fold 4 featureless=0.473 rpart=0.437	4	sin hard 785
0.534957292162006	0.477382908804715	5	fold 5 featureless=0.535 rpart=0.477	5	sin hard 785
0.510318811072497	0.45489285200673	6	fold 6 featureless=0.510 rpart=0.455	6	sin hard 785
0.49266846896258	0.409436861038045	1	fold 1 featureless=0.493 rpart=0.409	1	sin hard 1072
0.521202746850704	0.475559636622017	2	fold 2 featureless=0.521 rpart=0.476	2	sin hard 1072
0.556893384519127	0.499255525813672	3	fold 3 featureless=0.557 rpart=0.499	3	sin hard 1072
0.470932342635274	0.43054028939978	4	fold 4 featureless=0.471 rpart=0.431	4	sin hard 1072
0.537171549790321	0.482536347688508	5	fold 5 featureless=0.537 rpart=0.483	5	sin hard 1072
0.507690888766624	0.447241903077702	6	fold 6 featureless=0.508 rpart=0.447	6	sin hard 1072
0.492533447225177	0.41603325778924	1	fold 1 featureless=0.493 rpart=0.416	1	sin hard 1464
0.521130428463927	0.479195862087036	2	fold 2 featureless=0.521 rpart=0.479	2	sin hard 1464
0.556892303905377	0.495348630985482	3	fold 3 featureless=0.557 rpart=0.495	3	sin hard 1464
0.470584943125713	0.412598388945545	4	fold 4 featureless=0.471 rpart=0.413	4	sin hard 1464
0.537230124846618	0.48547743459507	5	fold 5 featureless=0.537 rpart=0.485	5	sin hard 1464
0.507393719790432	0.437819936404739	6	fold 6 featureless=0.507 rpart=0.438	6	sin hard 1464
0.492079128264039	0.414088254910983	1	fold 1 featureless=0.492 rpart=0.414	1	sin hard 2000
0.521597407293712	0.477620468774597	2	fold 2 featureless=0.522 rpart=0.478	2	sin hard 2000
0.556815944350565	0.513319835817378	3	fold 3 featureless=0.557 rpart=0.513	3	sin hard 2000
0.471215033227112	0.431265724288338	4	fold 4 featureless=0.471 rpart=0.431	4	sin hard 2000
0.537077668555983	0.483189179584077	5	fold 5 featureless=0.537 rpart=0.483	5	sin hard 2000
0.507826296436182	0.437926585086293	6	fold 6 featureless=0.508 rpart=0.438	6	sin hard 2000
