group	x	y
1	1.38488225992769	-0.675526519242651
1	1.9023740359582	-1.28518309025679
1	1.77332633482292	2.60454767000785
1	1.36805192036554	0.328607956333789
1	2.14383933884092	-1.61766468795195
1	2.14347495865077	0.522534859141967
1	1.32915897672065	-2.46333457682557
1	2.03344881562516	0.924823529458328
1	0.468018515501171	1.32191736911413
1	1.74998374171555	1.99005231792194
1	1.75267406697385	-2.20709052479643
1	1.43889475944452	-1.53074101716702
1	0.760513313114643	-3.92908609131186
1	1.38082010070793	1.6056885707695
1	1.60528218122199	-0.80345598112434
1	2.0535484529566	0.357923728602618
1	2.176398489438	0.252617763093952
1	1.42582546109334	3.66605097354166
1	1.64480922911316	-0.484549656151104
1	1.27497942470945	0.476539690428072
1	1.86189875849523	-0.382675351366373
1	1.58754954258911	0.240054240760246
1	2.03688917686231	2.11494318522915
1	1.35050144074485	3.17264475342777
1	1.54727224893868	-0.398059355061032
1	1.68877323139459	-2.1874995988946
1	1.34924686285667	-1.07459371565297
1	1.55706259007566	-3.88177763044045
1	2.16264404826798	-2.66436079636691
1	1.33237200328149	4.44800733042324
1	1.21041452540085	3.32344544506511
1	0.164642242016271	-0.107913329860374
1	2.01019214447588	-3.26356291429898
1	2.06886103684083	0.417478702120177
1	0.514281762996689	-2.88417990142033
1	1.82719628657214	0.0250329681852943
1	2.04442900307477	0.210093508670495
1	1.48487057425082	-1.11836992239484
1	1.86722564771771	0.531248105029474
1	1.35046975202858	-2.61686855806331
1	2.18172786226496	-0.65903693052201
1	1.49701073514298	1.82243325803847
1	0.115084075368941	-0.426591503318442
1	1.3632008717861	-2.18517351093028
1	2.14404180813581	2.05145714609566
1	1.99486382356845	-0.665261014189942
1	2.17468789760023	-0.27592640202651
1	1.54908841061406	-1.80467333320143
1	1.7019698808901	0.922795543458904
1	2.010397262685	-1.43779829902506
1	0.00710903806611896	-0.00379314783531418
1	1.21469391095452	-0.345083989711598
1	1.88340342282318	-2.89315014905654
1	2.12972022178583	1.72476654119389
1	1.47540119853802	-2.25668939238622
1	2.01185969547369	0.802456504683278
1	1.98587891277857	2.12107462979584
1	0.988902155542746	-2.2101438372872
1	1.81395290959626	0.397540851045515
1	0.710185730131343	-0.117757694637179
1	1.97002785657533	-1.46668087801032
1	2.08698415714316	-1.39772581555551
1	1.82512172968127	-1.0970013536731
1	0.260300035355613	1.75073818888955
1	2.05907311784104	1.94588003304145
1	1.6374880020041	-0.38918767898706
1	1.58814475759864	-2.90078336519649
1	1.66150110522285	1.51225329135556
1	1.41867519337684	2.00979354516313
1	1.26593551044352	1.74143094376552
1	1.47570102666505	0.89471024873885
1	1.51038109748624	0.723864816029472
1	0.0421755260322243	-0.605210967500743
1	1.38467346322723	-0.51570519397545
1	1.38337322818115	-1.55387079641137
1	1.9554624164477	2.09233371315904
1	1.48805973217823	1.23581897938022
1	0.867844662396237	0.605997640152788
1	1.60264273597859	-0.417493924940237
1	1.77268500351347	3.24241859026471
1	1.55064257495105	0.0445773611245339
1	1.87199892830104	-1.12950686188307
1	1.22505035651848	3.14175926134245
1	1.60110103785992	-2.29722317864722
1	1.39997652992606	3.19349212998035
1	2.05652500088327	0.445870523978311
1	2.1715154285077	4.31103014223245
1	1.52372243679129	0.079653578822405
1	1.93319143336266	2.23436071844021
1	1.54006824018434	-3.96476655298404
1	2.17675518458709	1.25022494509405
1	1.59701641188003	-3.41645907604341
1	1.57999887927435	-1.30931293859165
1	0.560387630248442	0.428782259172863
1	1.6638081791345	0.94520911345492
1	1.39677682663314	1.21157044494423
1	1.62694340273738	-1.67399232187707
1	1.2930251874961	-2.67215027834138
1	1.31530912690796	-1.70365484751163
1	1.64003165420145	-0.320072491961213
1	0.200934729538858	1.86124176920626
1	1.62763907276094	0.477196545864822
1	0.980599981732666	1.26422111077352
1	2.02892212551087	0.696661410396251
1	1.48697385499254	1.53552178664057
1	1.79591689682566	1.02868908589968
1	2.09897194621153	0.705225064054972
1	0.453377000289038	-2.41574031908505
1	1.3474177793134	0.476397788095961
1	1.32867698259652	1.15897131326159
1	0.024656337685883	-2.74966040564993
1	1.93631137493066	0.734900411599718
1	1.57335856445134	-2.33119711574336
1	1.7743769404944	0.374133859606793
1	2.02532801339403	0.191349526930423
1	2.01369567383081	-1.12293051540616
1	2.07269634031691	-1.06730880512457
1	1.3105548995547	0.281338431869985
1	2.15270023681223	-1.77126785702157
1	1.76900208094157	3.11454944208037
1	1.23686847072095	2.10853977498273
1	1.44529091641307	2.81005279894441
1	2.1788847991731	0.662656202416151
1	2.08573723239824	0.892057176803663
1	0.240982897812501	1.86676074561643
1	1.95721157016233	1.29537651991789
1	0.562836518744007	2.61710796592021
1	1.50510309524834	1.35260625177896
1	1.89365408690646	1.82924769311103
1	1.53594560390338	1.18704633704341
1	1.40610944437794	0.549201960596136
1	0.919276255881414	1.37800227222429
1	1.22281244983897	-1.07632517338041
1	2.16375974453986	1.43112394197142
1	1.51586524355225	-0.747234094228875
1	1.8656084174756	-0.706785699224377
1	1.73354330337606	-1.74905489145428
1	2.01779671949334	-1.68960456446084
1	1.38526350986213	1.7630446217513
1	1.59951755153015	-1.69840716837869
1	1.37845326033421	0.218395558142014
1	1.48543421067297	-0.0584840797338171
1	1.82946982705034	-1.09051459631666
1	1.50010028160177	1.37204584975335
1	1.64367396156304	2.16396424598015
1	1.9302009400446	-1.98365997261287
1	1.86816353658214	-1.15809958661017
1	1.51165700126439	2.01741087898727
1	1.67857808298431	1.75930896333631
1	1.49141015093774	2.05090697693713
1	1.38217421346344	-2.97829791867392
1	1.56076258309186	2.33912990487629
1	2.10380003093742	0.920531186133042
1	0.394047617446631	-2.37438875628906
1	1.97988052740693	1.55318600971018
1	1.4841589464806	-0.506532197803175
1	0.853720766957849	1.22877336236363
1	1.37224246845581	1.01034875104705
1	1.27926418213174	-1.36960925423379
1	1.49206497734413	0.609828896736138
1	2.04037117776461	4.03368734971311
1	0.945268080569804	2.12217677716881
1	1.24496520012617	0.90402639782178
1	1.95838290760294	-2.52802897453691
1	1.49688799800351	-0.726986489066442
1	1.85105443890207	1.69514425832678
1	1.28498978428543	-3.8245609152442
1	2.17548107500188	1.48432813311121
1	1.2136249314528	-1.75467727232668
1	1.73886945173144	-0.754622033146518
1	2.16578180161305	-1.20673410129481
1	1.30107344412245	-3.13610017941516
1	1.45675134267658	1.87357180990219
1	2.09514722116292	0.803122852610132
1	1.58794419076294	1.35115041616921
1	1.9942854447756	-2.72384918367542
1	1.54939675987698	-0.340426714682313
1	0.138744306750596	2.68085333243021
1	1.85050898352638	0.38591281530363
1	1.74400430782698	0.328628522694568
1	2.1452440473251	3.03796650435544
1	1.77174574653618	0.454030112530321
1	2.1536335892044	0.927305376921528
1	1.98025299869478	0.671655763732482
1	1.31828445433639	-1.77671267037768
1	2.03711180882528	0.364529441858739
1	1.28715931768529	-2.46459882769749
1	1.94859996256419	-4.37550714317382
1	1.26518165720627	0.302715275012491
1	1.27769556925632	-3.78792600746025
1	1.30508376848884	1.05009058864476
1	1.60668635512702	-4.720920528726
1	0.97496451321058	4.60505222283767
1	1.36483349585906	1.63177309293625
1	0.503050235565752	1.3065686641591
1	1.40155420387164	0.153016256864943
1	1.39972184835933	-0.963286889926499
1	1.37813511122949	-2.38937107530748
1	1.47386668184772	1.75592489918251
1	1.3306202406995	-0.957821296795896
1	2.05869158641435	1.11348382987538
1	1.84516036189161	-0.313405919268559
1	1.80279866587371	1.58352784789722
1	2.17198071191087	3.02319179805389
1	1.5766572335735	-1.82906266096691
1	0.819114487152547	0.843195677795232
1	1.42673875954933	2.03490758092412
1	1.40650850236416	-0.248877085679972
1	1.39428919418715	-1.96594271020118
1	1.4405682054814	1.141889602738
1	0.979721972020343	-0.674453843749444
1	1.72425015089102	2.54908897148615
1	0.826370720751584	0.193197302242601
1	1.8708854958415	-2.81556443976857
1	2.17771483683027	0.0142397675214524
1	1.257648451766	-4.0239248844465
1	1.53674115734175	-0.904794223573501
1	1.21260700961575	1.1152177715301
1	1.56285628564656	1.5711072361896
1	1.40969430031255	0.626241210609265
1	1.35212063561194	0.721963786200671
1	2.13581240973435	0.511370781705991
1	1.60109295793809	-0.74329019437306
1	1.68583644558676	0.345344038373774
1	1.88148644617759	-1.16437919697817
1	2.05403548646718	0.911480260494781
1	2.11291717183776	1.71726241525701
1	1.67585760802031	-1.13609421813098
1	0.713680299697444	-2.2536061837789
1	2.02975348038599	0.256063918144391
1	1.87579785455018	-1.03940100838147
1	0.339701652759686	1.54532312314288
1	2.09082990167663	-0.842762948719831
1	1.72882925933227	0.12904079414279
1	0.874337470624596	2.38802732977089
1	1.4586569278501	3.73681845392032
1	1.74244606592692	2.13961367297957
1	1.41600120537914	1.15022837335528
1	0.216720590135083	1.81484486862415
1	1.67404079232365	-0.335697346427587
1	2.09273402839899	-0.470830461738849
1	1.50171696003526	1.20452190540863
1	1.7552189797163	-0.758669289495313
1	1.95521621666849	2.31946753551252
1	2.15642542419955	0.214945316079547
1	2.15431148586795	-0.216217608666657
1	1.5333647234831	1.42043104302777
1	1.71668410561979	3.39043759736785
1	0.148189591243863	0.520721604352539
1	1.55681959893554	0.161332383481616
1	1.90456631504931	-1.02090738392465
1	1.28040564088151	-0.303948122649563
1	0.251560875913128	-1.17039920643502
1	1.25143532156944	-1.31017315229932
1	1.93852530261502	-1.20826012033679
1	1.21375850732438	-0.203620157727337
1	1.24235483729281	-1.40523805326241
1	1.48182012867183	-2.59793552518867
1	1.24071661015041	-2.46467547457921
1	1.83228052249178	1.74472740697905
1	0.754841333255172	0.261350661405706
1	1.2509465073701	1.21156892837249
1	1.82966385367326	0.0300665071761576
1	1.55710894595832	-1.34338279295576
1	2.00814140662551	0.149780911998704
1	1.87166424146853	-0.640408312215383
1	1.22188715152442	-1.77081807636869
1	1.88953896686435	0.887343005808854
1	2.08735460862517	0.512294692089483
1	1.73720926470123	1.63266742517512
1	2.08502635853365	2.13380069948609
1	2.11417451086454	1.04100118399948
1	2.0489799471572	-0.911489796762667
1	1.49350923583843	-1.60596081822534
1	0.784186411648989	-0.831623788247419
1	1.69370199069381	-0.728463804694139
1	2.18257399327122	1.9684369850249
1	0.243201080709696	-1.9181478280584
1	1.27299951952882	-1.86095797211012
1	1.43165659653023	-1.72015873293622
1	1.47991169155575	-1.4941554549266
1	2.17096031880938	-0.575142836476989
1	1.8589957815595	-0.337779949619794
1	1.87011213442311	-0.761828708690551
1	0.209838527487591	1.53500175621158
1	0.990622452227399	-0.845777412931441
1	1.73408810053952	-1.75555293456305
1	1.77437272765674	0.749710409347452
1	0.772239736514166	0.21951639114332
1	0.357089430792257	-3.41230969321213
1	1.45666123186238	2.86009319565834
1	1.51644587637857	2.82718608142291
1	0.744443612871692	-2.05214240995037
1	1.69966597557068	-1.39725104629478
1	1.90880918530747	-0.282669258704459
1	1.61489645210095	-2.60078442067523
1	1.40991121605039	-0.789328451475418
1	1.28086264855228	-2.30527591186171
1	1.35929011837579	0.390671256833189
1	1.70408960762434	-1.62278967895284
1	2.03544067223556	2.55336276460755
1	1.68744998290204	-2.87144742033095
1	1.6327318915166	-1.09999723848151
1	0.880691584665328	2.256121565784
1	1.96491171400994	-1.51489200212406
1	1.25486098653637	-2.87055322365553
1	1.3992177607026	2.11645354109187
1	1.88682468868792	-0.711543898063155
1	2.09925071503967	-0.684900669629715
1	1.24573868983425	1.11205433959025
1	1.28961809240282	-4.28776840007837
1	1.64087680941448	-1.32033676038973
1	1.97796564763412	-1.28657076498271
1	1.34008509367704	-1.03307682122431
1	1.87874869261868	-1.76374811941658
1	0.0475980096962303	-0.0503948570483783
1	1.80564775578678	-2.54466344272434
1	1.65014444203116	-2.00170423158841
1	0.747780841076747	-1.10018183610921
1	1.37714952304959	0.389314024235108
1	1.85485711558722	-1.03867479567736
1	1.36410845029168	-1.57708814681741
1	1.46171372202225	-1.48125510351753
1	0.0950373853556812	-1.99869142298271
1	1.59446016261354	2.92594793245892
1	1.41321823168546	-0.413908474318732
1	0.640531400451437	-0.0181424401281108
1	1.45761965638958	2.13589331517034
1	1.2946140429005	-0.672493846220318
1	0.0703983413986861	0.251279097245024
1	1.38835630314425	-2.58672113934996
1	2.07313848733902	2.97422342374114
1	2.18110359441489	0.880121027610068
1	1.59091970096342	-2.6073111703574
1	0.0178985111415386	2.09492073360673
1	1.24454460390843	-2.4581024291878
1	1.30776425339282	-2.42371103235526
1	1.7703009495046	2.16168335417955
1	0.839018759317696	2.50206672284472
1	2.01502982601523	-2.45567761014614
1	2.06184848402627	-0.602538638311156
1	2.05316681861877	0.978602553482924
1	0.799504384864122	-0.433438097357429
1	1.21973182265647	-0.330866682735758
1	1.72267109625973	0.159549943115025
1	1.56351183452643	-0.861858971653519
1	1.82698481651023	2.04105331336127
1	0.915917906211689	1.61813598077591
1	1.3828204698395	0.173620215763086
1	1.64859031843953	-0.652334639749321
1	1.45714128580876	0.774997857270321
1	1.79411856438965	1.89997794606303
1	1.59648547698744	-4.49085523110805
1	2.07360440799966	0.461158250202976
1	1.37498104041442	0.392079991209182
1	2.00951039935462	-1.84263752610285
1	0.794222777010873	-1.28544495021277
1	1.80488426056691	3.31542662581181
1	1.25216025211848	-1.00315507455466
1	0.691322281723842	0.209362482368176
1	1.35141028119251	-3.37879750731602
1	1.40057398849167	-0.368725307204295
1	1.30348711488768	-0.531375176310337
1	1.21266185799614	-0.654113928127247
1	1.85253910329193	-1.63946445462105
1	1.44203974963166	1.77218978805698
1	1.32893533706665	-0.0994235884273365
1	1.25832297285087	-2.23695695159339
1	1.90682897861116	-2.80698958512909
1	1.23055238700472	3.32529542281653
1	2.08032419094816	0.836529506103914
1	0.0163111232686787	0.641036761347744
1	0.51006367104128	0.0397227137823769
1	0.644336043624207	2.32896502450971
1	1.89677001796663	0.679085936055906
1	1.85793322189711	1.5438212126262
1	1.45652054115199	1.23764893948312
1	0.997772415168583	2.57700915990444
1	1.89274351140484	-2.15101233884814
1	1.25065033352003	-0.270666312321378
1	1.30166538297199	1.26990078021233
1	1.68016619030386	2.98917959302076
1	1.66940279891714	-2.24028321185008
1	1.46619590446353	1.41371890323504
1	0.08926106011495	-1.38580880319854
1	1.81146073485725	1.16144502802456
1	1.59499732269906	1.33429954079652
1	1.73961909306236	3.44097902741779
1	2.06160595808178	-0.825964093839728
1	1.95240758736618	-1.60290977829917
1	1.95821360386908	-0.435992488063255
1	2.12389605310746	0.833382943090485
1	0.328969847410917	1.95712809205558
1	1.35637591318227	1.11870201698065
1	1.41519631845877	1.86997038550439
1	1.31282352963462	-1.28736009870694
1	1.39578442466445	0.779244884109787
1	0.857661027694121	1.51618542551982
1	1.42770716319792	-0.43068814995387
1	1.96702093495987	1.15893237730137
1	1.81714216321707	1.89315203374046
1	1.76906412751414	-1.75829661460076
1	1.3539704487659	-1.55932635038676
1	1.23483321540989	-3.4109871579985
1	2.19795345682651	0.300819468929327
1	2.03557368349284	-1.95635608732349
1	1.78656202699058	-0.875469079261123
1	0.339116675779223	0.551558986225895
1	1.36688343812712	-2.91390985271329
1	2.0074101509992	-0.962529911645253
1	1.84945080224425	1.01063643923203
1	1.90561224082485	-2.84812227195631
1	1.65149066881277	-3.73018273619507
1	1.27221741252579	-2.14819683585295
1	1.56296389624476	0.623167944860916
1	0.647042569005862	1.87280775484065
1	0.725568118039519	-2.39260097036544
1	1.62246669414453	0.661529950626376
1	1.79144905838184	0.160909281619949
1	1.99789955704473	0.222517900116756
1	2.047612231737	3.62178944728223
1	0.00066322134807707	1.67932237542465
1	1.4999831950292	2.1026754044962
1	1.8938868931029	-1.16045281424554
1	2.16376914484426	-3.47729497570292
1	1.32976463255472	-1.91223042984301
1	1.27575810863636	0.254776790570395
1	1.76754617998376	2.02186102481305
1	1.75515093100257	1.63346053939281
1	1.26160753988661	0.160351760572339
1	0.674172312486917	0.454146275783688
1	2.11401738906279	-2.85444615619595
1	2.08777387188748	1.2881396618548
1	1.52480304455385	1.12265283753012
1	0.0926716539543122	-3.3599664501307
1	0.831115623936057	1.11150502336168
1	0.127220701426268	-2.10841462092548
1	2.06869455454871	-2.02185486475212
1	2.15309647731483	0.0612090944262407
1	1.69914305401035	-2.88061252918174
1	1.85473879710771	-1.42372192017318
1	1.39379276689142	0.503967502989399
1	1.96285583619028	0.768629062129599
1	1.74741654964164	2.11412816229825
1	1.41383206686005	0.0887085387504221
1	1.89176693679765	0.553696582004292
1	0.972813409520313	0.920715666964022
1	1.75614509130828	0.379853033580897
1	1.72807826991193	3.61409931280508
1	1.41659400663339	2.06829001456943
1	1.88056525662541	-0.564985027458516
1	1.94601683346555	0.12079163401609
1	1.66420237817802	-1.48196557112739
1	1.33741806242615	0.0888618491506207
1	2.01437961244956	-4.38980637539498
1	2.03216125913896	2.42276761380581
1	1.55431008064188	-0.3959436787128
1	2.17873283689842	1.28309494605838
1	2.18803502228111	0.824936363102309
1	1.83465900113806	-0.608515554457142
1	2.14215237814933	2.53086654023305
1	1.21400746242143	0.729526373715611
1	1.22533159009181	-1.61680454407801
1	1.68631865298375	-1.83766944662678
1	0.267851981101558	3.34688673534948
1	0.764079057145864	-1.48550724182554
1	1.68805436585099	-0.233285257028396
1	0.746897346107289	-1.22787110321679
1	1.2425657054875	-2.10153633116366
1	1.64064282765612	2.10574770190569
1	1.34606584375724	-0.0133730864959932
1	1.64194329530001	-2.42511292518626
1	1.484114230657	0.997897000811876
1	1.27362424349412	-0.932587738208015
1	1.88535072449595	-2.20068647495836
1	1.9948184593115	-1.16713104169712
1	1.73820949536748	-0.670854560714268
1	1.22458782726899	1.4175573818285
1	0.278319913428277	3.74155353504561
1	0.840946583775803	1.042270107094
1	1.66741081378423	0.524196642820976
1	1.96021140953526	1.97664218724531
1	2.19806407606229	-0.100893090992055
1	1.97783075044863	-1.25578697986756
1	2.07956707901321	-1.04886496711309
1	1.69352571391501	3.13164470324831
1	1.90871794526465	-0.783129056125391
1	1.68757159453817	-2.98086869885245
1	1.98204091638327	-0.888696265595095
1	2.11181137459353	3.97674282482196
1	0.285992244258523	1.51838757330514
1	1.80837113880552	1.62713154366171
1	0.541000366443768	-1.96561161204357
1	2.19645011196844	1.15804318254916
1	1.81084478418343	4.07167920692408
1	1.41039175894111	-1.09689570629307
1	0.317596230190247	-1.61080460276698
1	2.10586038539186	3.88454953289149
1	1.52347470778041	-1.30540457693368
1	1.76090611219406	1.60720088989259
1	1.89200554653071	1.48602704168959
1	1.75995691753924	-1.23935656564543
1	1.54269120707177	1.97595783960999
1	0.234497500117868	-0.00728068951816563
1	0.429602757096291	0.217697305965354
1	1.93670066148043	0.129959651030139
1	1.57465680227615	-0.175200208393997
1	1.68867916618474	3.0228201010465
1	2.00051170079969	-0.217732104671683
1	1.88304295674898	-0.816817936065032
1	1.88568522040732	-1.78709012240654
1	0.0946481118444354	-1.40430350956572
1	1.58068960071541	-1.7445878705432
1	1.60697259851731	-0.643111062185139
1	1.58778525753878	1.72242244899226
1	1.79192700311542	1.00483872596302
1	2.03656469429843	0.225802777582633
1	1.72051444351673	0.252456554241052
1	1.63198628630489	-1.63456618377946
1	2.08472942030057	0.880659824560741
1	2.11036614216864	2.31518714590171
1	1.25354007985443	-0.686250012593944
1	1.66082383813336	-0.106511726332539
1	1.91732802176848	-3.67746184332249
1	0.373728065285832	0.575154315849219
1	1.2299089315813	-0.231048244170095
1	1.22776318136603	0.129522819285624
1	1.89895438873209	3.26600130301491
1	1.45880257715471	2.32204367285679
1	0.890680889366195	-0.387846594584821
1	1.28084100671113	-2.29629115423135
1	2.15563857420348	3.18215872784035
1	2.17326925117523	1.66198125695313
1	1.34015761786141	-4.34926689083127
1	0.67780596180819	0.295316551729902
1	1.99119735304266	-1.68378752772635
1	1.9010555320885	1.3504958042656
1	1.47195185190067	-1.08537406377425
1	0.485365581233054	2.29657326868263
1	2.0771352393087	2.83449607034874
1	0.00326243462041024	0.363074925181397
1	2.15812223176472	-0.164439643005986
1	1.68120659473352	-0.464312177031425
1	2.16015258063562	-1.97448846775237
1	1.70188957387581	1.10577789553518
1	1.22235179999843	0.376822844872593
1	0.110230400692671	-2.73783280620347
1	1.94756610603072	-0.0290382361911051
1	1.79906403231435	-1.18239327996499
1	1.98042968385853	0.0797273958001719
1	2.1457750916481	-2.18545244299828
1	1.55789625905454	-0.655357025727271
1	1.68583260108717	0.813629700305942
1	1.72643061149865	4.14096247418972
1	0.848358375718817	1.15925329952368
1	0.50116125238128	-3.1212409119238
1	1.54456245158799	3.16142746262033
1	1.78289913623594	-0.381003584061914
1	1.72680595917627	0.645813200320724
1	0.906998993363231	2.83168041513844
1	2.17911517485045	0.489177975505541
1	1.21466958760284	1.87968661940364
1	0.741998453158885	-1.91143834019021
1	1.67745858109556	1.72341939900681
1	2.09961335575208	-0.137473022140369
1	1.51212278245948	-1.35079124769308
1	1.4649366823025	2.43042001582224
1	1.75187952658162	2.69135822382779
1	2.11154525405727	1.03239687564451
1	0.107425665250048	-2.34539948874923
1	2.15279597723857	0.584873394832081
1	1.78089245972224	2.72506433480544
1	2.07954786047339	0.492450392766527
1	2.00679754377343	0.920238575876706
1	1.70246502133086	-1.23913641787743
1	2.03602552255616	-1.608696601713
1	2.10414075856097	1.41555759121804
1	1.20251229922287	-1.52554183730742
1	1.66295701013878	0.595033596047947
1	1.39382924912497	-2.40786881404757
1	0.129501696443185	0.0362232880134583
1	1.33262180169113	0.793290516228402
1	1.92151445015334	0.926902145347367
1	1.78840996888466	-1.78165787034344
1	1.73552416153252	-1.12753175502999
1	1.95704020541161	-3.06915451485393
1	1.60789452032186	0.296884116269034
1	0.0872483055572957	2.27015110619869
1	0.931594996247441	-1.2348539064854
1	0.72318207891658	-3.89421939280575
1	0.36163449799642	-4.1555993855284
1	0.438785783713683	-2.96465298889323
1	1.86226345440373	1.71763218797573
1	1.23202936588787	-0.682434245208959
1	1.21797751360573	-1.82699485891609
1	1.93911958327517	-0.877861945112125
1	1.28526852726936	-3.05946406725958
1	1.43013455001637	0.259659138941243
1	1.44684147071093	-0.297238334791364
1	1.22697992278263	0.85827772235829
1	1.57519701872952	1.76321504312203
1	1.28859550510533	-3.16354673172501
1	1.57619472411461	0.0909055670923534
1	1.42480831458233	1.24320295922901
1	2.01173887918703	0.798423269498884
1	1.34156026416458	-4.26785671960407
1	1.22968649053946	-4.04472475926409
1	1.42482915665023	4.42025719493597
1	1.96797044021077	-0.771911028538386
1	1.83772403076291	-0.418383443599327
1	1.98539512841962	-2.12198766931032
1	1.53361142664216	-2.5916847191853
1	1.77724604988471	5.18167215980517
1	1.45465995632112	1.3873441328382
1	2.02152125006542	-2.59008680056347
1	1.46964601734653	1.38045219594119
1	2.09278136542998	4.69504967839718
1	0.665116116870195	0.938516393966763
1	1.4478817102965	1.61758018899938
1	2.18354479623958	-0.490958527733575
1	1.89683894119225	-2.89207246324843
1	1.86693157167174	-2.33661540707765
1	1.51981682032347	2.86978821424223
1	1.54437842410989	0.272790678800559
1	1.50781360273249	0.387044484433507
1	0.0247442864347249	-1.05890497463081
1	1.22419133367948	-2.24003134424411
1	0.810476660961285	-0.742324614871067
1	1.48452679165639	-1.6508763339859
1	1.42596554132178	2.97101365523089
1	1.8827243079897	1.53177108534323
1	0.379990269662812	-2.33938100133929
1	2.08823929871432	0.0127938900761675
1	1.84693734236062	1.89584304303633
1	1.74684317903593	0.917227036827605
1	1.86513939504512	0.578256304558442
1	1.73520739567466	-0.993694751100623
1	1.37481040325947	-0.754952968287168
1	1.62049899767153	-1.86801489682431
1	1.69199902848341	-0.08995938674965
1	0.309036390157416	5.328045334853
1	0.90970695274882	-0.0823078985705216
1	0.86207019421272	1.00823770926503
1	1.47739111939445	-0.0564200936898316
1	2.02163939997554	-0.277008839495003
1	1.81939237173647	1.51924068753294
1	1.84227765472606	0.943817091896685
1	0.748260286170989	-1.26635730838661
1	1.81605964857154	2.26375240822377
1	1.38988763587549	-1.62888871570091
1	1.90192615315318	2.33953572129862
1	1.62516667046584	-0.828986339597847
1	0.833674964727834	1.38192528393937
1	1.52258154847659	-1.81804875150962
1	2.17184351389296	-0.404792190618676
1	0.465890655526891	2.099570197944
1	0.933553838869557	1.5764006396885
1	1.83200889457949	1.73597053121075
1	1.5775856452994	0.732283325901367
1	1.32400390673429	-0.125036512565925
1	2.02844002987258	1.40173626649889
1	1.71219144533388	0.363898172349927
1	1.66506838267669	-0.846016631079257
1	2.12360106669366	1.55329765617875
1	1.62319509456865	-0.704144948593106
1	1.222726069903	0.755026522785907
1	1.96707278960384	-0.491304792937884
1	0.0299093802459538	-0.0346211206972883
1	2.04812029171735	-2.18412647962353
1	1.29990497305989	-1.82148352615338
1	1.57934924894944	0.251179062655898
1	0.399011773522943	-2.94944945169168
1	1.9780849642586	-2.23773882679321
1	1.22604538528249	-2.40279068643593
1	1.69144304986112	-1.74444753909861
1	0.844304072204977	-1.90681493340946
1	2.13221958889626	1.07945086991627
1	2.06500332504511	0.0449486581898058
1	1.87280722782016	2.94265052313082
1	0.199318240163848	1.77142431885572
1	1.76945108319633	1.58753509490256
1	1.36614271537401	0.416593356671162
1	1.85071118343622	2.7361735298275
1	1.54253710391931	-1.92510034257935
1	1.29871739218943	1.07765523349934
1	1.41234270650893	-1.74047144441082
1	1.79153946000151	2.59626879052056
1	1.71741608604789	0.474403688028487
1	1.96428270782344	-0.305803998587578
1	1.87055829823948	-1.08728184742127
1	1.60074010100216	-1.51494669453285
1	1.26341510568745	-1.65028239639158
1	1.57486481736414	-0.453384966000447
1	1.26120481109247	0.873643279393564
1	0.837305380962789	-2.05449752599163
1	0.286377400159836	3.6017681698312
1	0.796232969034463	-0.904793783717653
1	0.622207805979997	1.71762005870556
1	1.84906369638629	0.478783513535243
1	0.523993709124625	1.74056248005878
1	2.12725664749742	0.558375141630615
1	2.09921088633128	0.91924969827116
1	1.94744159984402	-1.52052311826762
1	1.75514600430615	3.819258648856
1	1.55568854492158	-0.860745659046241
1	1.25508585763164	-1.24984429098794
1	2.13921908945777	0.522082647235226
1	1.61287715686485	-0.53264714872373
1	2.19007746134885	-3.38978321666193
1	1.20730294338427	0.176532927110213
1	2.11915715346113	0.428412450650587
1	1.35939242369495	2.63434228918196
1	1.37328945058398	-3.3167592488189
1	1.49833734664135	0.0369405538459132
1	0.797662465833128	-0.0332001770958513
1	1.41049090242013	1.58606696494442
1	1.96879571657628	-1.27555910225116
1	1.73557681757957	0.713912112821252
1	1.74903283109888	0.638160807471843
1	1.47012486360036	1.57525211411223
1	2.14007024238817	1.8942097024051
1	2.0890751444269	2.28978565997738
1	0.922669326188043	-2.6148940498524
1	0.301886679138988	-0.107460329750257
1	1.5598883766681	0.334119036946166
1	1.98573738271371	-0.0891967119933371
1	1.50933251231909	4.21207924993927
1	2.19926994368434	1.26620127352898
1	0.0297157294116914	-0.84474040963817
1	1.50542592774145	0.463149067680898
1	1.32722101551481	0.0271719853524121
1	1.80466259811074	0.463365853090342
1	1.52393291010521	-1.27144871656668
1	2.14200426177122	1.14154863864106
1	2.07966897245497	3.96408718480568
1	1.51458401330747	-0.0819858798299521
1	1.57441317155026	-0.915806196370154
1	1.70472223153338	-1.9968433871197
1	1.71662041363306	-1.2024775321927
1	1.40012777252123	0.1408495629694
1	0.429760799976066	0.148090432529572
1	0.389215221162885	-1.38074802644942
1	2.18883588961326	1.2420424699172
1	1.88754245899618	0.617390198004444
1	1.41081098448485	-1.64965555283376
1	1.64843696849421	-0.813583372509326
1	2.09077009120956	-0.320152552653372
1	1.82628123536706	0.0693242443463392
1	0.486261322395876	-1.52305997031007
1	1.4901136323344	-0.793067373863365
1	1.45384436221793	-0.315834528665739
1	1.59120127866045	2.0466701421211
1	1.60144827845506	-4.27769007651728
1	2.17541488753632	0.371188156811836
1	2.19434729595669	2.02376189002304
1	1.60970787894912	-2.18294334864224
1	1.76281860475428	-2.10689928216775
1	1.23114136774093	3.84218590032873
1	1.97398624899797	0.981600085433581
1	2.18490193160251	2.11585351299463
1	1.53442603400908	-2.86698599174851
1	1.65897065894678	0.0409407056455308
1	1.43002991778776	-0.699255340684587
1	2.12104013008066	0.606716765901294
1	1.75711052566767	4.13350774940224
1	1.81283782823011	3.21974032950974
1	1.43729776544496	0.919028965569536
1	0.468157252995297	-2.08515542508515
1	2.10599445393309	1.4792744581684
1	1.7842357610818	1.21468203012048
1	1.25771283176728	-2.83291761565427
1	1.383249598369	-0.0945949928411446
1	1.7184090686962	-1.22168859320111
1	1.59442685479298	-0.612356023704478
1	1.68861421318725	2.99446889754293
1	1.35146617684513	-0.498771204594004
1	2.12119106743485	-1.4203480720178
1	1.91657019271515	-1.05243370972631
1	1.99650240275078	1.15358750966384
1	1.56931784707122	-1.06856500961884
1	1.77273911242373	2.98235190817303
1	1.58922397675924	0.544342255055227
1	2.10980529552326	-0.00955196395207447
1	1.84274448459037	-0.65527300642566
1	0.88538198499009	2.26124321825464
1	0.0690545146353543	-1.46352956023891
1	0.808350955601782	-0.906280002728434
1	1.26748232222162	0.182403048367676
1	1.65365713606589	2.9895501376672
1	1.38010591994971	-1.76073671066482
1	1.83413624535315	1.7084817332604
1	0.76323752431199	0.968089492216139
1	1.3621963030193	1.15505029985324
1	1.35656015789136	-0.374667435615467
1	2.07027910887264	1.60369053417519
1	1.41871778881177	1.68147190422553
1	1.79088800265454	3.36730732481566
1	1.90083976490423	-0.498109084635241
1	0.820839881664142	0.508791972830563
1	1.9173120083753	0.160573547696304
1	1.61524405451491	-2.30510320516667
1	1.73143875766546	1.35000612809825
1	1.20324621424079	-3.49364103401862
1	1.45209972332232	2.97718258396713
1	1.3552289200481	-1.41429031602113
1	2.07883979128674	-1.19913287225433
1	1.40351116289385	-0.516829322789116
1	1.78352840412408	0.48360785288451
1	2.00447338637896	-0.697596634295434
1	1.46471658237278	1.79868045563898
1	0.405742728384212	-0.579111572977003
1	1.58035844871774	-0.77409783396774
1	1.44095127079636	0.23618613488926
1	2.04206970431842	0.672077707706395
1	1.20709935487248	0.888594054112166
1	0.476415365468711	-1.90408772941533
1	2.07451571621932	1.28680318667861
1	1.76687865196727	-0.739373780199456
1	1.70082461722195	0.692717183641735
1	2.07452114978805	1.30926911848374
1	0.524293957278132	-1.07617372978672
1	1.29255110216327	-0.273462755988286
1	1.33457150361501	-2.23563526791209
1	1.24302092501894	2.58536973749972
1	1.77952726446092	1.16181458123552
1	1.27491906522773	0.522280863671265
1	0.109240429243073	-0.22680835610679
1	0.0269805011339486	0.849644945319665
1	1.64965722411871	2.2945453850316
1	2.00277915415354	0.277898655678605
1	0.0946207772940397	-2.12166099618608
1	1.22172664133832	-1.49491675070476
1	2.06599672934972	0.686961668432132
1	1.78220394072123	0.451913932199571
1	1.35679023903795	0.156757720140757
1	1.71440350944176	1.91557942247308
1	2.14246402895078	0.25931906996292
1	2.05907328268513	1.04522920451035
1	0.614471670007333	0.862608022947345
1	1.82122948630713	4.4794480352302
1	0.770207359222695	-0.81908921224056
1	1.759223463526	2.3285688360888
1	1.30463514830917	3.55068514876637
1	1.36072836960666	0.933548087101509
1	2.12101781978272	-4.84449005152212
1	2.05882938466966	1.34495107203046
1	0.768369293771684	-0.267040667198879
1	1.22159322588705	-1.50055385759729
1	2.10002980874851	0.0701489746178114
1	1.62205559671856	-2.58337669806427
1	2.01562052806839	1.18965783105199
1	0.165990423876792	-1.70432026844764
1	1.9023295443505	2.16586715418622
1	1.34658380951732	-0.297445160027152
1	1.98365088393912	-0.416811910604939
1	1.42230532206595	0.405683129354459
1	1.31796650267206	-4.01648315783833
1	2.15062603009865	0.132798995326856
1	0.635327411815524	2.10830371454225
1	1.67043370525353	-2.65102920257791
1	1.32042272160761	1.63016406071595
1	1.68019485780969	0.473741635153744
1	1.5680398222059	-0.0815238634618936
1	2.10900264517404	0.349148230795768
1	1.35287263412029	0.390255080163609
1	2.05554248443805	-0.675538225788522
1	2.10738136717118	1.37525148493054
1	0.899858920136467	1.99545217547664
1	0.514945505419746	-1.00867383707488
1	1.61678035561927	-1.03418165071299
1	0.469175448641181	0.884754490521954
1	1.39725642423145	-0.750999838650549
1	1.52977947359905	1.37878074021695
1	2.15538922562264	1.20686614355678
1	1.78482502610423	-0.0148911202638009
1	1.8185677757021	-1.19939469054572
1	1.69528822721913	-1.82352851191397
1	0.518186261644587	0.855867837502272
1	1.52524137129076	-1.2012447919743
1	1.75281738657504	-0.285744443715853
1	1.21778310653754	0.770441472699233
1	0.0569726510439068	0.388091404614486
1	0.388734344625846	-0.772879860067271
1	1.31005921475589	-0.374215287513686
1	0.0580943147651852	-1.16237212007803
1	1.39260485749692	1.56546058929908
1	1.81652188492008	0.419578347724868
1	1.79362513176166	1.00252154896982
1	1.79768567909487	4.13244108829085
1	0.906595766311511	0.603518153850973
1	0.445523936068639	-0.906253925850236
1	1.92128603653982	1.07721926886992
1	1.43750825016759	1.34483428023949
1	1.34229578105733	-0.162118105406176
1	2.05665567358956	-0.676034138744815
1	1.27506318716332	-1.89992338980549
1	0.0216751468833536	0.383567203142353
1	1.32239162065089	0.749854293842032
1	1.89357877410948	-1.4070013165388
1	1.66046835393645	-1.44726443398683
1	1.47020124671981	0.748030814140005
1	1.65509518217295	-0.570432850708766
1	1.71047647744417	3.62625827801551
1	1.41965846442617	2.23006739654024
1	1.60009425813332	0.506789329720612
1	1.92918488318101	0.407654862547731
1	0.163844325579703	3.31108651307599
1	2.16344194444828	1.70833841382749
1	2.14313856051303	2.23144650646313
1	1.55808773199096	1.04608241917894
1	0.393948743119836	0.605160244292318
1	1.45624142121524	-0.0745638065443459
1	0.306597534567118	-0.929222965939442
1	1.33158242288046	1.74696630714667
1	2.18111131368205	1.50227434870407
1	1.79852582216263	4.01193276678281
1	0.748547380324453	-3.3245227601082
1	1.27194388145581	3.04551178477127
1	1.78085627737455	0.880513175751998
1	1.81493308702484	1.88294199100851
1	1.68518144525588	0.820535539335568
1	1.98323518065736	0.3648757805652
1	1.74617649968714	2.21231937093027
1	1.81660977918655	2.13344624502199
1	1.59897087635472	-3.00889860682292
1	0.220897037768736	1.35985479722222
1	1.44996616062708	3.01748677294756
1	1.44872215813957	0.825355141701305
1	0.826910610077903	-0.615970379758744
1	1.78855979028158	3.81954836430907
1	1.8890065735206	1.08513323094325
1	2.13421839107759	1.69346988728494
1	1.87141256784089	-0.460975814710083
1	2.0405962313991	0.768747991222538
1	1.67211536881514	0.604374483645317
1	1.74633807973005	1.23910803415615
1	2.10352713316679	1.74544196501421
1	0.969267520820722	2.02036620963052
1	1.28702154154889	-2.11407904986582
1	1.79776578098536	2.12276155317122
1	2.13995210691355	5.01502338248532
1	1.32656637188047	-1.5387383638843
1	2.1262617030181	-0.9235874918195
1	1.22451501623727	1.35359995305444
1	2.02336652022786	-2.20651739955662
1	2.02063131337054	-1.14256708038779
1	1.29556322870776	3.40370130881641
1	0.0596761875785887	-3.49404775694572
1	1.80895664105192	0.904541290829379
1	1.55811877809465	-1.99019946543976
1	1.41209445386194	1.83116401585347
1	1.81843550507911	1.62265557627502
1	1.55311761801131	0.0990066667800349
1	2.04444234170951	1.84105966565014
1	1.47238524565473	2.72501488870447
1	2.16250276872888	-1.16088128447226
1	1.20760855153203	-2.32688730947372
1	0.496044375933707	0.816959710905158
1	1.50396393453702	0.919585462628529
1	1.29996775514446	-3.24076325397457
1	1.34188531041145	0.954115472459994
1	0.903049586340785	5.66304301954861
1	1.75462928116322	-1.24877070404242
1	1.79405211149715	0.269735970418209
1	1.38539427104406	0.103983238292729
1	2.08340836204588	3.89426473388001
1	1.66868898160756	-1.64658951449226
1	0.959689968731254	-0.121547441443963
1	2.14473732286133	0.290520867261602
1	1.51474372255616	0.372965788906384
1	1.31428968631662	-4.14129780848935
1	1.72550465799868	1.12034324310426
1	0.0482292044907808	1.52490910206152
1	1.97282184478827	-2.94227714873152
1	1.72764335204847	0.971818669896795
1	0.674511657562107	-1.37502038230644
1	1.37151693277992	-0.228921946888147
1	2.15336146955378	3.76102649414647
1	1.37075360938907	0.712059704839347
1	1.85939696715213	-2.46804923819204
1	2.00731921945699	-1.66923381875502
1	1.36338449926116	0.384001211801456
1	1.76298699462786	2.64547388441308
1	1.61221446124837	-0.640226592368896
1	0.902525570942089	3.84511048796452
1	1.65508796232753	-1.54830902924689
1	0.139089935924858	0.309325237247591
1	1.99809046629816	-0.58527349681338
1	1.8527571270708	2.19541258419281
1	1.67796330228448	-2.08280953369206
1	1.68961474024691	-1.17773745436234
1	2.11844050004147	0.799853935396373
1	1.30455052996986	-0.947400586149534
1	1.59136541518383	-1.99563257803332
1	1.37471737228334	0.544489308906958
1	1.41675976389088	0.968686071798098
1	1.62203669482842	-1.15312668140347
1	2.18490793141536	0.238037168029202
1	0.556566108483821	0.736791404181015
1	1.37912134551443	-1.21053472746228
1	1.52283369312063	-0.662613513432849
1	1.2446832482703	-2.00537037455484
1	1.93168797488324	-1.16264108305366
1	1.69242313019931	-0.804174312138093
1	1.43563249409199	1.71061503237779
1	1.32603450659662	-0.706750209693923
1	1.47977435709909	0.222278986890461
1	2.12180796060711	4.85154377188007
1	1.78563259639777	0.148505655463611
1	0.350823562359437	-0.878541845409202
1	0.89343251567334	-0.982665438846465
1	1.47504472760484	1.21339389057283
1	1.42127271373756	-1.01971001216605
1	0.301245874259621	1.78059329764731
1	0.887447157641873	1.33098142340082
1	1.37086797812954	1.99151854988594
1	1.32624272773974	-2.2075577001069
1	1.34528648345731	-0.620707159641778
1	2.12924309871159	-0.677177849674018
1	1.25271240277216	0.878431940435878
1	1.26649375217967	1.95837994430757
1	1.99017690545879	0.123820252036655
1	1.75637292796746	-2.53800943095364
1	1.45744532048702	1.99677961064417
1	1.25980672081932	-0.1796494299266
1	1.9619616324082	-2.53845344989813
1	0.985238047782332	-0.0233710439825326
1	1.43247983772308	2.02657514275108
1	1.81607364215888	-0.717228770345668
1	2.02774131372571	-0.621927574784234
1	1.87166938516311	1.88182852597803
1	1.56226212745532	0.26757639989398
1	2.16548313647509	0.493250132667684
1	2.05786680271849	1.01040191715515
1	1.9375177196227	-1.900416158631
1	1.923582489416	0.291308618737178
1	1.69510933668353	-2.06169979906162
1	0.00908534298650917	0.473157581001171
1	0.791309111984447	0.279618734976737
1	1.27743769348599	0.734027992200179
1	1.75964500387199	2.58588253281621
1	0.697106800973415	-0.726842259955655
1	1.99307300248183	0.774651437391141
1	1.95617225002497	-4.54017506485725
1	1.85849306806922	0.0178179832739431
1	0.513834197074175	-1.56214676742903
1	1.75670149298385	0.480935314618121
1	2.10018866630271	3.14133080557722
1	1.65872790529393	-1.06505358684922
1	2.19823371670209	-0.137161893679158
1	0.758639414561912	-3.08832957647934
1	1.56600963282399	-0.967142618672729
1	2.05100052179769	-1.00889985442501
1	1.91284664934501	0.547416776246185
1	1.71959208445624	-0.0321042238751093
1	1.24236183874309	-0.443038398415342
1	2.16031067497097	0.0784316303526256
1	1.65252885529771	-0.354441892019486
1	1.72082044165581	2.30057558833579
1	0.186955406796187	2.75318071984203
1	1.21939972513355	-1.40011119733508
1	1.39237035163678	-1.52378227149695
1	1.55545975249261	0.142721881907034
1	0.288275173632428	1.69745765289617
1	2.15478013786487	1.57089010232319
1	1.79457622701302	-0.306485809958813
1	2.07499181344174	1.92101099447485
1	1.92376965498552	-3.25684981597234
1	1.65834112237208	1.24401334522982
1	1.83647969299927	1.75153822273735
1	1.50303599592298	-0.262049953501455
1	0.957928294083104	4.70891120609972
1	2.13620509561151	1.71124905121281
1	1.35613187127747	4.26804267186654
1	0.372258520917967	-0.960182005280089
1	2.02509873900563	-0.182252237573954
1	2.09450312848203	2.09332427069866
1	1.21491928519681	1.00493498734819
1	0.742581224767491	-2.01867164652129
1	1.26471136771142	-2.0562541257385
1	0.536692324560136	0.89219278053372
1	1.69871829152107	1.69171969711254
1	1.67455195151269	0.904968147711215
1	1.46814431091771	1.11274376308616
1	1.40156481140293	4.22236809276554
1	1.97345331385732	-2.0111699995706
1	2.15807258132845	1.55203164030447
1	1.77723410800099	0.193453556778123
1	1.36675126901828	2.16835544256322
1	1.28176703634672	1.21749771918868
1	1.91442509046756	-1.41190228022772
1	1.3455736134667	-0.221475257287242
1	1.52613132777624	2.90229749536815
1	2.17309496114031	-0.120036408429973
1	0.136128195794299	-2.23412585842385
1	1.51353456573561	-1.07046738404371
1	1.30481051448733	-1.52293165282206
1	1.31528912442736	-2.16882296460546
1	0.984484651824459	-1.39444147168007
1	1.81687109339982	2.64265699898287
1	0.633147458313033	0.349792237295654
1	1.45837727729231	-1.95052793885627
1	1.9043740414083	-3.04299422540326
1	1.40017095212825	2.64213059978624
1	2.03107026619837	0.382453639081689
1	1.43954917746596	2.04109308797698
1	2.12245490639471	2.16306889570493
1	0.994719476671889	1.95743977646989
1	1.63397575989366	-0.0406492412187471
1	1.66206367015839	0.969657895887402
1	1.98472270863131	-0.774328813092928
1	2.04948512958363	1.29330700666546
1	1.4655733069405	-0.119303724437814
1	1.38462643283419	2.37743338744583
1	2.17775547928177	-0.482143013825029
1	1.51560391187668	-0.651342902794509
1	2.13073048628867	2.00788532037595
1	1.66030293707736	-2.50989668848941
1	1.76542917527258	1.49118810435386
1	1.95580653292127	-1.74280803903939
1	1.97106337924488	-5.65941831118572
1	1.58677661120892	0.532431766643503
1	1.42229419695213	0.0544206772065733
1	0.0975954020395875	0.422511567739901
1	2.12805417790078	1.91756320053613
1	1.53701377152465	1.47669119824704
1	1.28785282005556	1.90234654493002
1	0.113426668802276	-1.05974634024683
1	1.31163944983855	-2.58564632369155
1	1.4404479123652	2.65268459834044
1	2.12485662619583	2.07167946680919
1	2.05428897920065	0.288469682285043
1	2.19641672568396	2.06540542334497
1	1.77326964056119	-0.106604663413135
1	2.11775184310973	2.38985276169492
1	2.17178052691743	2.17315394018809
1	2.06475268495269	-0.136953134599056
1	1.57371086096391	-1.70167581960957
1	1.59292432717048	0.87298060622189
1	1.5026102851145	-1.3310593265082
1	2.07538825673983	0.414365211266526
1	2.11980881965719	-0.211230052213461
1	1.96434055925347	-1.19841442248651
1	2.1542891215533	1.88755505968311
1	1.72573469211347	2.59481463876849
1	2.01238446151838	0.408636731849335
1	1.67221260913648	-4.31164310189586
1	2.10989502286538	3.52732442053112
1	2.08391694519669	-0.848752490980601
1	1.98543156106025	-3.32004706036865
1	0.128273353679106	-0.523027732514281
1	1.48972910484299	3.60369083595777
1	2.05652620857582	2.37555731955076
1	0.336089336080477	-0.296738654195968
1	1.72039341721684	1.37214629701384
1	1.3812945608981	0.904511885249084
1	1.99039495624602	1.29917135177418
1	1.76390702188946	0.34685473899495
1	0.910183421568945	2.5653288506565
1	2.12345562018454	-1.46383046926525
1	1.49093040921725	-1.10236291654316
1	1.63791439663619	1.60252092092461
1	1.93686990537681	-0.452270077684896
1	2.14318240811117	0.853359937234916
1	1.5726557882037	-0.425969551372496
1	1.21962026604451	3.27019044684294
1	0.801264123991132	1.12442222934021
1	0.0080566855613142	0.370855052331582
1	1.70679820030928	-1.35397099213773
1	1.30379958711565	-3.36261460101275
1	1.57239278014749	0.279003031443639
1	1.99790003062226	-1.14455790093901
1	1.38786423001438	-3.86070239105507
1	1.9073572864756	-2.14912439869337
1	0.370172306196764	1.64654354518266
1	1.55219105239958	1.70257842232813
1	1.69580245325342	-2.08375489985156
1	1.51626090011559	0.98898826738974
1	2.12412180989049	0.111685434655862
1	1.60730824065395	-0.279354774076953
1	0.225301343249157	0.873303443948233
1	0.157511479454115	-0.321236671380932
1	1.89012109306641	2.3476069878908
1	1.60808269497938	-3.70257810532504
1	0.192707575159147	0.339940795005113
1	2.01384221673943	0.381997729579036
1	1.65559008489363	-2.09771106392881
1	2.00635215644725	-1.32483195079224
1	0.579053814290091	-0.736293726083677
1	2.17064014780335	1.45279164585772
1	1.2499366230797	-0.770062569432103
1	1.44795848783106	0.582061660221587
1	1.98406376857311	0.596305527606489
1	1.77047283370048	-1.16719538896257
1	1.63922689091414	0.487721354245341
1	0.548878187779337	-0.902280223676902
1	1.25902491812594	-0.790153942786664
1	0.429245780454949	-1.86482503441864
1	0.142380580073223	-0.381776212150827
1	1.29320089989342	0.632363485943901
1	0.132409821264446	0.443863168291482
1	1.56533137410879	0.838312759443266
1	1.65453234552406	-1.47615387848199
1	1.73711410798132	-0.778710055147107
1	1.38549475842156	0.780883925162519
1	1.64927568011917	-2.96758794402075
1	1.45652726343833	0.332576031556605
1	0.618457925738767	2.70259182639975
1	2.08074441906065	1.56602638373473
1	1.51774672865868	-1.8185827318079
1	2.02932887459174	0.407236364048107
1	2.16139785740525	1.95880509715706
1	1.7429665914271	1.49740565946179
1	2.0207226744853	-1.65444519645226
1	2.14360622740351	3.23873189026177
1	2.03336326107383	-2.4107762988818
1	0.795626513659954	-2.70883324862532
1	1.42813366516493	0.97805189675939
1	1.38261966388673	1.57268822631984
1	0.203225305303931	-3.27678286658146
1	1.55145471687429	-1.91598524983127
1	2.08561239140108	-0.153961233382722
1	1.31180573375896	-0.835212478963258
1	2.13160399049521	-0.77825250849801
1	1.89807369192131	0.0858041403811132
1	1.97000414417125	-0.861868972203329
1	1.90597675116733	-3.63447673219242
1	0.780339567456394	-1.2891459771632
1	1.75175528069958	-0.570688042197239
1	1.62272293614224	1.81162293289712
1	1.60151756070554	0.201753556754153
1	1.97481850492768	-1.62796676834809
1	2.03144125388935	2.27777275413077
1	1.32539967894554	-0.721949875723547
1	0.101758369943127	-2.37032920527571
1	2.16403933805414	1.19494041863975
1	0.286292620934546	1.61899571315362
1	1.81973459715955	-1.01640948206931
1	1.81147033469751	0.261424506925359
1	1.76166009232402	-0.222237284382157
1	1.49444631468505	0.235923430082289
1	1.93942037811503	-2.18237809376034
1	1.97683038567193	-1.74802520397143
1	1.80983573901467	0.716848701536743
1	0.547182779060677	-1.69812539998119
1	2.06071342229843	-1.81970737393291
1	1.73609270253219	2.70967611981329
1	0.327074174303561	-0.946224071632681
1	2.10423160954379	1.50036957039748
1	1.20408801622689	2.20314804105909
1	1.83758832612075	-0.772671252967638
1	2.07315832590684	2.96788600506878
1	1.41275738277473	0.328557774043062
1	1.31797812907025	-1.96391117989979
1	1.23346877964213	-0.946686029645402
1	1.98276439197361	-2.62998053673825
1	2.0648836473003	1.04490197033117
1	0.699515420245007	0.840213590520756
1	1.27273643300869	-1.41807558474329
1	0.883413972565904	-0.901556989239863
1	1.6194325779099	-3.54648143283713
1	0.925579780014232	-0.245201975891937
1	1.98232502285391	0.734042841406348
1	1.27370533631183	0.145056760777943
1	1.35963880554773	-1.03260685596286
1	2.19423792096786	0.462921538773877
1	2.09860188472085	2.03861446449023
1	0.0225647946354002	-2.5338861878934
1	1.78490632637404	0.171475022482255
1	0.842154311016202	-0.415083845364612
1	0.239350531250238	2.80616423807112
1	1.45462147709914	1.20703504933012
1	2.18043576977216	0.341418147649002
1	1.74806957743131	-0.162551716689395
1	1.40776332868263	4.18341724434237
1	1.94636153480969	-1.11643965794102
1	0.489450822584331	3.50620586546798
1	1.46186423236504	1.07334566735294
1	2.00488340370357	-2.49237308447146
1	1.8840245439671	-1.21591600533583
1	1.52195711601526	-2.91630366816364
1	0.0878312957938761	-2.97831440614519
1	1.22488689427264	0.283589664361158
1	1.27302188430913	-0.800737624290136
1	1.26438254402019	1.31489629818218
1	1.35615362394601	-0.338616602401328
1	1.39478961732239	2.03547688482114
1	1.73352349880151	1.17157358908327
1	1.51487959367223	2.00349502240634
1	1.57935173860751	-0.186711390487873
1	1.98015058673918	-2.34683761092499
1	0.680376366246492	-0.384049406220533
1	1.31717512714677	-2.94981090473442
1	2.03592272736132	-1.81041446684641
1	1.84509967388585	-0.315087369502443
1	0.9264418897219	-3.7381617218907
1	1.37257950804196	0.508052948410249
1	1.72328794565983	-0.987850190303412
1	1.47254275605083	1.81124585038417
1	2.0347621851135	-1.29642795721906
1	2.10553165134043	-0.256675364154587
1	1.32329701986164	-2.74012243889129
1	2.15862759021111	1.67369598709652
1	1.67009879397228	-1.33506354515498
1	1.8658337560948	0.551790666930203
1	2.13717701500282	-0.587040966071586
1	0.147126843221486	-3.40431962918803
1	1.43303351271898	-2.07062755865896
1	2.13323048204184	0.870916280432503
1	2.16667059184983	3.84417633561449
1	0.549174337647855	0.750892890339052
1	0.238221573876217	0.107631244956052
1	1.5593820091337	2.00056856576947
1	0.691505547845736	0.34438429584395
1	1.33509386684746	-0.64243823289399
1	2.10525634284131	2.74001678944449
1	1.33873679912649	-0.173139952037541
1	1.5538863521535	-1.45961748512504
1	1.36347046010196	0.880175572504485
1	1.45951125030406	0.466408960773745
1	0.188048471696675	0.709693618577406
1	2.00479477066547	-1.27498240841885
1	0.975695750676095	0.639460896740176
1	1.65420182589442	-2.32337515604748
1	2.15744273276068	3.30763179559577
1	1.9016008195933	0.621523400745719
1	1.3683045248501	-2.12404172537938
1	1.70702520902269	1.00884009960717
1	2.07637174758129	0.650697509131159
1	1.28964783581905	-0.383942189458973
1	1.47610577852465	1.36536523471999
1	2.19361848109402	0.845669146339844
1	1.9503999855835	2.68558788559446
1	1.45224055303261	1.44407199575203
1	1.47332244906574	-1.85631705409956
1	1.62480310751125	-0.0891139653257884
1	1.24786147479899	-3.30888723403102
1	1.78501603337936	1.72978592957967
1	2.09429207076319	1.71602398186308
1	1.38866544566117	2.43146788262354
1	1.2628676423803	-1.20984804374935
1	1.20787002919242	1.39151935807908
1	0.639300669310615	-0.46298037282591
1	0.534148695645854	0.651080537953383
1	1.45501917628571	0.716436350698933
1	1.82521843635477	1.33769433008937
1	2.18965779668652	-0.0269257169449536
1	1.83032012130134	-0.28088146161638
1	1.69402800924145	-3.41368322280387
1	1.40060843043029	1.55061059903723
1	1.41922434819862	2.95695837776213
1	1.28756373659708	-1.88036563881833
1	1.43632891662419	1.29275760212399
1	1.39761172821745	-1.3910262460931
1	1.73534869337454	3.94519821861437
1	0.436643991619349	-2.29150617747473
1	1.51897448026575	-1.35038867288637
1	1.24064516769722	1.06607775609484
1	1.24178700270131	-1.55300081432738
1	1.26763449730352	-0.479220096164933
1	1.25357134877704	1.54995184003511
1	0.184842535061762	-3.44418471727867
1	1.79525475790724	0.480101567863755
1	1.64267652812414	-0.548782665629488
1	1.76090138992295	-0.242799259684096
1	1.22864994015545	-0.903035374117012
1	1.47653091331013	0.75783983372926
1	2.0467304056976	0.654676445535126
1	1.47611463773064	0.550556122170602
1	1.33706483389251	0.197236605984734
1	1.86188087966293	-0.934330374996216
1	0.157521195011213	-0.685366749564889
1	0.318638938711956	0.895831461290485
1	1.35280787833035	-0.71849146239456
1	1.58516769604757	-0.686929886513784
1	1.78934769337066	-3.15827121540023
1	1.54067796985619	-2.32489553094164
1	1.65841420209035	-2.73709859747433
1	1.60351076424122	-2.59574834598889
1	1.36991064604372	-2.14413928393938
1	1.75758032458834	0.00995621833437932
1	1.25842763511464	-3.20540713313782
1	0.201604024041444	2.68256420169237
1	2.02041715853848	-3.19026256570004
1	2.03925617462955	-0.463957550414827
1	2.16165116410702	-0.188677615655559
1	1.52576780067757	-0.0102016266807165
1	1.79323173644952	1.64129247649011
1	1.75717596807517	1.5770440597364
1	2.19011706537567	-1.30836398836721
1	1.71837060460821	-0.391433094393045
1	1.65900396839716	-1.20349968821139
1	1.4231479594484	-0.844429377003297
1	1.27602125802077	-3.87601393853513
1	1.53046081545763	-0.788838159908657
1	2.12332310788333	1.0180257941609
1	1.96885022642091	-1.48097218903744
1	1.30035186214373	-2.32377665920246
1	1.93689978802577	0.930336303397047
1	1.20741292745806	-0.159088361386521
1	2.09227990573272	-2.0461862022663
1	1.30277576884255	-1.78087333527675
1	1.7916906867642	0.385686597042646
1	1.5413569657132	0.418010002323805
1	1.57659423821606	-1.58039052151116
1	0.890231075696647	-0.941687131135909
1	2.13315441417508	0.0481106143107489
1	1.61207402991131	0.199335503760898
1	0.52773378463462	3.55336241731086
1	1.2861263461411	-0.745948024015822
1	2.10890359459445	1.60734031093711
1	0.775818156544119	-1.48451311528443
1	1.7723008310888	5.81148135429647
1	2.08863808638416	2.22862765378386
1	1.66172999241389	-4.26771916675571
1	1.64256490352564	0.814607031967772
1	1.39751456775703	0.623760180816297
1	1.57697357172146	-4.08561308412831
1	0.606216800166294	-0.443207466589215
1	1.74402634128928	0.694256966076076
1	0.0119417214300484	-0.544006644565056
1	2.19461648892611	1.15457685789655
1	2.08076516240835	0.655778587828018
1	1.94849380273372	-0.641494532960858
1	2.0164957142435	-1.07579247064697
1	1.98402028349228	-0.968704770202018
1	0.734580132178962	1.24493009216465
1	1.62988954065368	0.213485168252901
1	0.599073993042111	2.52031853176074
1	1.23571755159646	0.430351184629169
1	1.90974807487801	1.95788842042827
1	0.382930616382509	-0.408861226566074
1	2.02913542632014	-0.0507675378503829
1	1.81751455813646	2.67877989234415
1	1.43746343608946	-1.95090640452071
1	1.42445886768401	-0.679065484363229
1	2.17073489031754	0.619563804007582
1	0.217332459753379	0.262070915884915
1	2.1185399140697	2.09068884064467
1	0.307130672736093	1.3047183877377
1	1.74513921262696	0.567175039537593
1	1.55839597112499	-0.97156799466795
1	1.84615859626792	1.29189917988386
1	2.10221378509887	1.13465106105648
1	2.1284721869044	2.1134260780228
1	2.00480925086886	-0.785494183626758
1	0.107075292151421	-1.020480081188
1	1.75742926499806	1.8363656862114
1	1.44113518884406	3.39672863464917
1	0.883012697566301	3.41035359664302
1	2.00710387718864	0.405870895377011
1	0.587702139979228	0.169265638121614
1	1.66283854986541	1.52009011775328
1	2.04733924199827	2.91271653038126
1	2.09677359745838	1.20239438785382
1	1.32928364588879	0.565683610281167
1	0.00361297978088263	-0.738252189067115
1	1.32867578887381	0.582196134545281
1	1.38253608280793	0.320680565775905
1	2.18438984691165	-0.204006298248061
1	0.7609111093916	-1.36393912638716
1	2.06765816737898	-2.59266674786364
1	2.18190565826371	0.0136802177032799
1	1.22095963433385	-0.401346043719691
1	2.06976615875028	-1.60979095398677
1	0.449480215553194	-0.317931317479089
1	1.8469977828674	2.94786657065448
1	1.88927157716826	0.340315230144038
1	0.866327461320907	2.31871969681764
1	1.61030362248421	-2.19243028691223
1	1.93854050110094	-0.0318961887118153
1	0.674370006890968	-2.22625868952802
1	1.55985934315249	-0.0466558491498123
1	0.245264060562477	-2.2841159773147
1	0.0416642150375992	-0.640900895682291
1	2.10366177470423	2.9284126464792
1	2.17070146980695	-0.559784692032721
1	0.615179523825645	0.0195913104903679
1	1.57008656212129	-1.08328242499985
1	1.81754050687887	2.23338716729744
1	1.78267570775934	1.96223078478069
1	0.0597308140713722	-0.940142542254819
1	2.15858369674534	0.118174542651929
1	1.9166512068361	1.69088066367352
1	2.03588180085644	0.693232315898385
1	1.61861009551212	-0.831609193907209
1	1.9123139416799	1.45516540670837
1	1.52721477095038	1.03610277118595
1	1.55800475580618	-1.26578012118879
1	1.39212339213118	1.07943865786041
1	1.52855465053581	3.7217953508202
1	1.49185133543797	0.570986056969506
1	1.54947608201765	-0.944733880224751
1	1.68731095856056	0.73217074930845
1	2.16652289363556	-0.803859629635463
1	1.72378458203748	2.49831556788368
1	2.00103305005468	-1.74456953511445
1	1.78086186414585	-1.03113390564484
1	1.82951802113093	0.985360504991746
1	0.844028652645648	1.52925102481465
1	1.86337208240293	0.881836258873461
1	1.71988835772499	-0.312098985901646
1	1.53176106074825	-1.27912313023094
1	1.81631714273244	0.348372009453371
1	1.78145127282478	2.0251532175568
1	1.79529364551418	-1.60499895075026
1	0.0583726421464235	-0.881437322400329
1	0.740419870475307	0.756086952262215
1	1.69289153609425	-0.166273669654456
1	2.19836024246179	0.542562470624914
1	1.74123587044887	2.1335631791483
1	1.24082040023059	0.22402196416884
1	1.40192019315436	1.42547719513354
1	1.56056373803876	-0.100213740474343
1	1.31612325813621	-2.8743298014477
1	1.75832531535998	0.853338529111466
1	1.43508805246092	-0.860512950092747
1	0.312720152549446	0.854284604700438
1	1.7012020978611	1.11527258019485
1	1.5739590824116	-0.00922375339215931
1	0.366653835168108	-0.860623947995413
1	1.20206912821159	-3.3548422011037
1	1.83382144854404	1.63268785471979
1	1.61090006241575	0.142402806838823
1	0.354488712036982	-4.58271893020531
1	1.81075123073533	-0.18062370167815
1	1.69374875775538	2.39612520599201
1	1.91214844891801	-1.44434008285397
1	2.19539618683048	1.75624903907636
1	1.69648672994226	-1.14666484108252
1	1.94932117387652	-0.201908633644045
1	2.04131446131505	-0.137704739725601
1	1.75549185723066	1.34886513664376
1	1.79255736251362	0.151681458751995
1	1.35281575080007	-1.24576918545115
1	1.21839574798942	1.73451442609099
1	1.58681204011664	-2.01423466196865
1	2.04041282790713	0.86801351757
1	1.39746376550756	-0.345072661158132
1	1.91891529392451	-1.92737419560708
1	2.07173631670885	3.04696997421319
1	1.42332458756864	1.98707112653656
1	1.60638409135863	-0.0201167419931736
1	1.5379997194279	-1.05982512398244
1	1.48177089150995	-1.66559823254928
1	2.19251785641536	-0.221686266911812
1	0.644008288392797	0.153296099570172
1	1.22873392729089	-0.575134694356834
1	0.284072066424415	-0.356905785458335
1	2.01441828212701	0.871342885958855
1	1.87858398007229	1.43434088178321
1	1.38557062279433	-0.313375225073998
1	1.22904764073901	1.17980746152688
1	2.05585982119665	-0.839594444902106
1	1.78073238097131	0.0976120198035407
1	1.39546122383326	0.367330474655741
1	1.66773000853136	-0.510559162933087
1	1.55786416288465	0.819835180502523
1	1.26556387315504	-0.112039353430749
1	2.13262933427468	-0.0864117693359122
1	0.495410095201805	1.28246137095699
1	0.213837835239247	-0.658744157865641
1	1.32515250826254	-1.79353083039723
1	1.93737056227401	-0.757542738133889
1	0.546331910183653	0.226495642827221
1	1.67959220549092	-1.83995512384935
1	0.635818621376529	2.62206713271132
1	1.47010274864733	2.62398083090641
1	1.90778755983338	0.753070267631285
1	1.74238318069838	-1.49433352250726
1	1.50220229714178	2.14829904824918
1	1.54138859738596	-1.34405013921455
1	2.10236413152888	0.427453610145897
1	2.0667683606036	-0.509143337365468
1	2.02974285306409	0.102537357077095
1	1.80725956177339	2.42676233897678
1	1.66148418891244	-0.128956512770135
1	1.75411140527576	3.57293345424705
1	1.85326397214085	0.965802683958499
1	2.0643756150268	1.23518128344886
1	2.13788155936636	3.80920456177124
1	1.20666081649251	-1.16225540465987
1	1.84407859090716	1.96260403274319
1	1.5870305204764	-3.45034232316416
1	1.32973992875777	-0.658799051575605
1	1.84667277294211	2.3628482394141
1	1.62224532365799	-3.59192938732663
1	1.34811557391658	-3.49307239876692
1	1.59571682293899	-3.92055308977815
1	1.4654404847417	0.221748284057192
1	1.54822396188974	-1.1230614831957
1	1.89432405545376	-3.47590937337575
1	1.70694692111574	0.336280768870543
1	1.28728356473148	-2.22367946117731
1	1.58545258319937	-0.113026962016037
1	2.18553293664008	-2.9295930751223
1	2.07815265823156	0.594269583211148
1	0.622993849916384	2.36122788722743
1	2.192493851576	0.0694338285095795
1	2.06355617642403	1.15682218098834
1	0.264660080894828	1.06816530140359
1	1.52156097679399	-1.24522450661442
1	1.21147264172323	0.04708426452791
1	2.15562949334271	2.72770857336631
1	1.83116375054233	-0.897668278325471
1	2.14873811979778	0.506671956177969
1	1.61539517813362	-0.834136046465583
1	1.80028397082351	2.17548400262067
1	1.68741849302314	-0.158802437086103
1	1.33800750509836	-2.57748511777968
1	1.44318825500086	0.43859810726596
1	1.34117511408404	-0.842075131183914
1	2.03358292747289	0.385884961329225
1	1.20527052744292	0.477644050059908
1	0.991720334626734	0.824100309981351
1	0.0436233286745846	-1.61130352469302
1	2.1300442521926	3.25090132223961
1	2.18312464705668	-2.12972069559555
1	1.5201822754927	-2.27975531989294
1	1.25534082162194	-1.44212697755621
1	1.47778128045611	-2.68065675243045
1	1.46244543120265	-1.27896413461913
1	1.36169338230975	0.115257657255856
1	1.83232402689755	-0.722835541955224
1	1.76383800692856	2.08619688519048
1	1.60281735290773	1.61728118520718
1	1.24497885797173	-0.859861970394577
1	1.97465148945339	0.729515236107197
1	1.63866941821761	-4.26004192671379
1	1.20076195527799	2.24475345193868
1	1.48629400464706	-1.64228238569092
1	1.50819852440618	-0.229658923095526
1	1.22961549116299	3.46020526810769
1	1.56546845943667	-0.652982917309433
1	1.56248019617051	0.968912374580027
1	1.91783392666839	-0.889077173068215
1	1.81953081609681	2.82919705815516
1	0.834399436833337	-1.0728174219252
1	0.0932016856968403	1.7980796186334
1	1.68372733383439	-0.286907930663637
1	1.2725261180196	-0.402780920849665
1	0.842560444725677	0.506066387131663
1	2.07441196059808	1.8488512037999
1	0.530996568966657	1.24621260199024
1	2.08734620413743	2.5238928120769
1	1.40133137446828	1.7564748505808
1	0.563003194751218	-0.360059190156357
1	1.69253035220318	-0.591854589825718
1	1.23899900009856	-2.22219217918735
1	0.72624834231101	1.20641727233532
1	1.80263551794924	-0.816175200593346
1	1.7702662167605	-1.19494909371665
1	1.76437787669711	1.51818510415155
1	1.84940122212283	-2.89881698010073
1	1.26444782717153	-0.194899755688793
1	0.423980789259076	-1.34090483351233
1	0.425665796501562	0.508173885744259
1	1.91643620333634	-0.0744170910060603
1	2.18549439269118	-2.72709778022928
1	1.90476133096963	1.17817610724824
1	1.83434157473966	0.68440549191442
1	0.453514190390706	-0.729323707187904
1	0.97342394082807	-1.16991976228146
1	1.33735105912201	1.24627303866621
1	1.48745309542865	-1.8618068090732
1	1.77711231987923	1.50979373922731
1	0.698331778636202	-0.101273112298742
1	1.35172197832726	3.43701678036309
1	2.03668601047248	-3.56902033880316
1	1.59034058130346	2.47648717012713
1	1.54846692765132	-1.79927479285628
1	1.2020891497843	1.36453791660813
1	0.874155964935198	-1.10484621471667
1	1.44244500463828	0.173592820600814
1	0.207739450503141	-2.62446417879719
1	1.45174265704118	-0.0186599560469617
1	1.86229301667772	0.811013563660541
1	2.09779285853729	0.595282305049279
1	1.86926520713605	0.469370595748867
1	1.51383968424052	0.684221827085427
1	2.17665986791253	-2.17227885246099
1	2.0305849544704	0.467034033542715
1	2.0373013199307	0.841428469486067
1	2.19459125217982	0.453808826710118
1	0.84383691335097	-0.419498024167502
1	1.94700118298642	1.17261809532203
1	0.0265935622155667	-0.382581620676497
1	1.24634681693278	-3.2134838475579
1	1.88720365362242	-1.36884321839946
1	1.46028661616147	2.38328789211247
1	1.52185847056098	0.272198374853428
1	1.39483417435549	1.30216092533483
1	1.63593905726448	-4.04232001081601
1	2.15648326282389	-0.436420670147089
1	1.70575855118223	1.48912465057471
1	1.66834144019522	0.304710218123346
1	1.20980772380717	-0.663241880345437
1	1.35015022200532	-0.445861574107898
1	1.57406765320338	-1.34273242121624
1	1.84254946843721	1.60773910804712
1	1.33037860533223	-2.83677315208768
1	0.961254097754136	0.479191778332121
1	0.402726740576327	-0.614177693631735
1	2.16943664853461	2.94876415755863
1	1.98881869232282	0.807065865374439
1	1.30921064228751	-3.64002624720771
1	1.43081445274875	3.00014401511805
1	2.14192647864111	2.77184109502609
1	1.92454840689898	-1.13956481700343
1	1.81116302269511	0.070410630829164
1	1.538239248842	-0.467128115456358
1	1.60359061700292	-0.702485436870049
1	2.18424475104548	0.443904248130298
1	2.19171067029238	0.207746571588044
1	1.52152288127691	1.06009009843939
1	0.64682205975987	-2.34974793350953
1	0.0881297588348389	-0.493002880944973
1	2.13596586352214	3.20217745502926
1	1.95551259773783	-2.92525477287916
1	0.182201520074159	2.40983190364734
1	0.811551437480375	-3.09351221032276
1	1.34848778257146	-0.0145289989633233
1	0.34768695384264	-0.298987223089798
1	1.27798423757777	-0.342100921438887
1	2.00286562768742	-5.32149995238619
1	1.47206573099829	1.98692090157821
1	2.13528912076727	-0.258162205577789
1	2.10790582587943	0.619910642821518
1	1.3657048962079	2.91032661355062
1	2.04249400999397	-0.174351420393508
1	2.14795317016542	-2.33955021081674
1	1.46464282767847	4.67133906253073
1	0.316491425503045	1.0451276402612
1	1.71543729216792	-1.14910778693652
1	1.33636284670793	0.902268376532655
1	2.18128707194701	4.3483611243475
1	1.69904338060878	-0.579797577609923
1	2.034834380541	0.0110490423160744
1	1.26165736052208	-3.35554039774163
1	1.25555320647545	1.44272296641988
1	1.43441946320236	3.55986345270557
1	1.78830542070791	1.65559436650138
1	2.03280053921044	1.09958443213326
1	1.53642917894758	1.11696173129918
1	1.66569140302017	-1.2357596838551
1	1.54575637360103	-3.78021690538879
1	1.85468692965806	1.04321349413722
1	1.20773068284616	0.496187908521846
1	1.53324530138634	1.54754350755028
1	1.7254370982293	0.284395341090302
1	1.68816530895419	-0.346897934818687
1	1.41147311292589	0.653773811699902
1	1.83977972022258	-0.48660442889218
1	2.18190685384907	-0.16962003043087
1	1.55499660531059	-0.419545187587406
1	0.588233291637152	1.35762457411708
1	1.43843646305613	-0.0906194226046174
1	0.437645533354953	-1.70235279499789
1	1.90827678102069	1.95544223207626
1	0.354370021726936	0.336334615556154
1	1.92572483797558	-0.920000343681981
1	0.281740929698572	1.21425778007268
1	2.15501580345444	2.6276296567115
1	0.496655151713639	0.131138906037605
1	1.97959067141637	-1.31462435910413
1	1.93118275380693	-0.766513983703561
1	1.72654246985912	0.557817500806193
1	1.63748585181311	0.587723560836625
1	1.28126739156432	-0.344582717109693
1	1.69021056992933	1.20995553368734
1	1.90222274260595	1.87746687181298
1	1.55280314343981	1.20193140709613
1	1.4545581983868	-0.586008259935389
1	1.83669333304279	1.35345510661731
1	1.92061815322377	-0.163059015439851
1	1.51788731692359	-1.5479650084293
1	2.18207608470693	0.505537582707085
1	1.61754882642999	-3.69611148792021
1	1.38769192928448	1.5020982991871
1	0.635758317541331	1.2504171057513
1	1.69711593962274	0.45656376729972
1	1.41341936965473	-0.459899498067455
1	1.73948870883323	3.80978394607121
1	1.72519552176818	1.23028092097196
1	1.34198881946504	0.261608915652816
1	0.6738420734182	0.7257363396498
1	1.42178925992921	-0.182937409569642
1	1.9371747221332	-1.15041656998203
1	1.85235626557842	1.20632283986185
1	1.42217983705923	-1.83093195801805
1	1.50960905365646	1.57285273424196
1	0.56756188464351	5.09326253233006
1	1.82928537628613	-0.528221442395448
1	1.53532908256166	-1.14252821189039
1	1.99304705304094	-0.932483818082553
1	1.58528990792111	-3.44764585796504
1	0.618884024675936	1.2138668008194
1	1.35649854647927	1.07554465625381
1	1.63974333303049	-0.723895214679363
1	1.94754715454765	-3.00901782423065
1	0.590850383508951	0.68180435930349
1	1.31865651980042	-3.45742450427914
1	2.06268862104043	0.214770531786369
1	1.31578626022674	-1.87149990410695
1	1.70114909466356	-2.74865683474533
1	1.25928451148793	-0.839901613650609
1	1.64726579333656	1.08631021110852
1	0.189752803882584	-0.45276677019332
1	0.472936124075204	-1.4898499358479
1	0.427082208218053	2.06167395992017
1	1.82015372212045	-0.260595869977697
1	1.73582073608413	-1.42921376020011
1	1.93078647791408	1.94175205590709
1	0.120846982114017	-1.73679257530505
1	1.72041950216517	-0.697838844603921
1	1.89637926341966	-1.54484243896551
1	1.37230204306543	0.53312825005464
1	1.73720581368543	0.309441308590459
1	1.48322322759777	-0.120436581436519
1	0.312764171278104	0.669612366237923
1	2.18517917306162	1.61198282168814
1	1.75046662455425	1.43257914244051
1	1.78006638917141	0.616018510246947
1	2.11029940894805	3.9381043981051
1	2.09534942456521	2.83397732845793
1	1.87843349208124	0.285863762141808
1	2.05680621024221	-1.09410269222018
1	2.00105127836578	-4.61761976055058
1	2.04888413711451	0.41611804651395
1	1.36425337595865	-2.38477731789582
1	2.19868866591714	4.59962738714191
1	1.64722946942784	0.900346666770366
1	1.59386120298877	-1.57547301729792
1	1.3658320419956	-2.12846769547849
1	2.05127039602958	0.914166466199739
1	2.04887677757069	3.67872163957953
1	1.92237383550964	-2.14143262723684
1	0.848786660470069	-0.576614635532154
1	1.43662235308439	1.45052279903185
1	1.51788626685739	0.22482553897809
1	1.94056141707115	-1.57841024277126
1	1.23557718847878	-1.68985315295072
1	2.03679387788288	-0.289808974172412
1	1.64898103550076	-2.27229103972199
1	1.72363033592701	-1.75353559480441
1	1.75298458226025	1.52775513251996
1	1.70706356111914	-0.903495972096615
1	2.18548141261563	4.54590370536462
1	1.84233241579495	0.360127598120605
1	2.14167221873067	2.89548626141247
1	0.128329948754981	3.57053215625736
1	2.02165978453122	-1.6540860035842
1	1.6412789940834	-2.48771825406695
1	1.63372782180086	-1.85251015788002
1	0.603271969826892	-2.34933003490726
1	1.9658245486673	0.140236459849437
1	1.62894800030626	-1.81051003820476
1	1.92586395731196	-3.66002593606606
1	0.718338563339785	-0.605137496117232
1	1.21926479372196	-1.46081207757247
1	0.332307138247415	-1.55694338667231
1	1.37261902126484	-1.05771059850427
1	0.151370823150501	0.848544891163832
1	1.50927520361729	-1.73944194745248
1	1.79596883063205	0.599753299848854
1	2.04281756426208	0.249821076543686
1	1.52013513147831	-0.0192020662497853
1	0.0298039468470961	-0.387951916963026
1	2.13025027122349	1.43020438694868
1	1.53812584844418	3.19516510328808
1	1.20415364885703	-2.32661972996756
1	1.33890359620564	1.04928766834263
1	2.03517158054747	1.52046877303111
1	1.61763279773295	-0.869479593589266
1	1.9932551803533	-1.46444435944224
1	0.966233046725393	0.172207046785073
1	1.21566965598613	-0.728034536445492
1	1.31477585951798	-4.86762970948734
1	1.75583394924179	1.59855689700448
1	1.89425429124385	1.05609751993656
1	0.638962877215818	2.02755746160949
1	2.19353381269611	3.59941144146938
1	1.71816033059731	-0.722058462903958
1	1.62261176765896	-1.90737346579076
1	1.86435067821294	-0.627021787505252
1	1.32208250025287	-0.556001488546754
1	0.111096660606563	-0.640883537689979
1	1.75236463621259	2.23765591534969
1	2.07776135606691	1.22860352962985
1	1.29602651977912	-1.18725638985912
1	1.70875056744553	0.98875070055082
1	1.95931805488653	-5.12531545764016
1	1.25452348478138	-1.84973293442041
1	2.08593800109811	0.31942552580871
1	1.87778711509891	-0.586911425856207
1	1.33845447916538	-2.08951482606868
1	1.71932769617997	2.32769367758048
1	1.49907931014895	-1.51476700303105
1	1.46134531036951	3.78624153737658
1	1.86611135471612	-0.529400196152948
1	1.32942497222684	1.63792275199194
1	2.03928837138228	2.66197873847351
1	1.59239220460877	-2.03807804769327
1	1.36755978274159	-0.595993316815904
1	0.105006455210969	-0.665416742819911
1	1.26075989687815	-1.86414538473592
1	2.15393853355199	-0.260966352949332
1	1.74602824151516	-1.73048324938052
1	1.72364781079814	2.25246319545997
1	1.66411052206531	-1.82745075791933
1	1.91717464434914	1.18684145381724
1	1.9055100586731	-1.75834632663633
1	1.64592446694151	1.02811005492447
1	1.63035282241181	-1.33090969569071
1	0.740082578733563	-0.567080166975499
1	2.09077073894441	2.68030809681264
1	1.34094562991522	0.339799336368529
1	1.81374424002133	2.94732460430307
1	1.66983172628097	-1.0754073496664
1	1.80400980315171	-0.642166880184742
1	1.53818549336866	1.23445050486155
1	1.55805728309788	-3.05825384083279
1	1.49129723180085	2.03865663506565
1	1.48275692486204	-1.14463541345093
1	1.80407186578959	1.21775705739844
1	2.02049434538931	0.136940151479297
1	1.40039764023386	1.86215517248665
1	1.35650056558661	0.383518717526354
1	1.36389629011974	-1.67595048540343
1	2.17910404135473	0.621844395912391
1	1.39973324052989	1.2430176156248
1	1.99855157923885	-3.35557396658965
1	1.80180737031624	0.106433949013837
1	1.36989584662952	-0.44470960531867
1	1.67542672790587	-0.385672025766036
1	1.60161077887751	-1.05893440973662
1	2.17033773828298	0.238368674279263
1	1.98469932102598	0.0181550827085207
1	2.07124261562713	1.63511771226903
1	1.95515991798602	-1.99359829975234
1	2.13723409296945	0.692884602464513
1	1.8987404730171	-1.22121992811086
1	1.81432985728607	-1.20350116567993
1	1.87994748265482	-1.41207358480649
1	1.44063324299641	-0.267911741936176
1	2.01454804143868	-1.39018457482205
1	1.31973868706264	-2.16960376960494
1	1.45403354293667	-1.38053852470023
1	1.32278251443058	-3.0243835188508
1	1.72320291660726	3.75776288662716
1	0.0569987276103348	2.05571643178494
1	1.22772066858597	-1.49166499882627
1	1.22045573201031	1.33189595553348
1	0.144320848397911	3.54861585248028
1	0.590659755049273	0.969322882093682
1	1.56924293544143	-0.00986427817838587
1	1.82537894304842	-1.28275188331472
1	1.49378125886433	-0.240145788018585
1	1.60353987878188	-0.722032884246275
1	0.141001681564376	-2.34443731135141
1	2.01042104680091	-0.0975756414607883
1	2.10254769450985	0.387021073544016
1	1.25717864446342	0.234390497829487
1	1.49712829994969	-0.0525647699248448
1	1.48870854969136	0.456039118226172
1	2.01899896496907	-2.81540493741695
1	1.60152879105881	-0.836996979073984
1	2.06020078929141	0.937362823560827
1	1.45973646482453	0.921349954271472
1	1.47034152601846	0.844997567039096
1	1.72196387480944	1.75118643790088
1	0.742975220782682	-1.34333944858209
1	1.27772690500133	-4.55466364748654
1	1.4266859523952	-0.337658670910264
1	1.81035012966022	0.661339044644225
1	1.45011515640654	2.19516412872395
1	1.37455325694755	-3.08183209282585
1	1.28563130628318	0.361162080686538
1	1.55933416103944	-0.505269989581358
1	1.29352158685215	-1.81546474940629
1	1.53221675851382	-1.03547349404271
1	0.772597679402679	-1.31100730697294
1	1.9021887304727	-1.28597364922865
1	1.4450071319472	1.15504318181302
1	0.738255091710016	-1.4303431664233
1	1.37627546214499	-1.5503956180034
1	2.19769273004495	0.0639303446820639
1	1.94549479968846	3.21775066680106
1	1.83477345998399	1.95089577094457
1	2.06502224742435	3.33127737527058
1	1.94387418967672	-0.642272182842756
1	2.04125736472197	-1.73932508044215
1	1.24649766138755	0.91910156524322
1	1.48689296497032	3.37001441046146
1	1.56863494245335	0.863541404425442
1	2.01682014395483	-1.98054511722512
1	1.63225010624155	-2.12428725502562
1	1.38787573813461	-3.28893996231995
1	1.26593303242698	0.156271126962685
1	2.06628896091133	1.50788789429346
1	1.8794639788568	0.299758641461513
1	0.657219571992755	1.61633687842137
1	2.0301267917268	-0.33308146024948
1	0.46518943249248	-0.456908606845378
1	1.37176681850106	-0.733263931732789
1	1.53371722907759	-1.15117214130948
1	1.71538063120097	-0.254716667727497
1	2.07543053831905	-1.37071303458626
1	1.40302005880512	3.47084954280994
1	1.41809656335972	3.54453041520353
1	1.91129495860077	0.871093949292956
1	1.27035914692096	-2.62895745257167
1	1.65537097961642	-1.64564714143481
1	2.18171737324446	0.0690660235756148
1	1.36912274621427	-3.07792122188636
1	1.64614190421999	-1.94441235404586
1	1.51986610405147	-3.06223753948728
1	1.41296257851645	3.05096197159408
1	2.05193229443394	-0.141342756696002
1	1.34322042092681	-0.157492080945787
1	1.70131885916926	0.111288453838291
1	1.45662484392524	0.943357413868963
1	2.0591806308832	0.101758856523606
1	1.79927753382362	1.08308961434346
1	1.91162679954432	-0.351166133856974
1	1.52540625333786	0.289960732784952
1	0.755521160084754	0.12694533332443
1	0.0571006538812071	-0.892715942837103
1	0.74465834046714	-0.636610507808553
1	1.62295115999877	-1.47849263128746
1	1.57181975436397	-0.619835071049453
1	0.978505097795278	-1.03878170745475
1	1.58035921636038	-1.95344207092471
1	0.829502198379487	-2.36097971116021
1	1.25998388165608	-2.354193889734
1	0.425068361219019	-3.28578767053878
1	2.1292589854449	3.74706250200831
1	0.808249108027667	-1.42756608712721
1	1.76447875802405	2.60168708893005
1	0.192687234841287	-1.47958285572871
1	1.58432255829684	-0.067268698132906
1	2.06645018402487	1.54595474167064
1	2.00403185775504	-1.15182713260919
1	1.76903539365157	-1.96607019426211
1	1.48341842978261	0.737800643425597
1	2.03695691335015	-0.571401704416899
1	1.6321857416071	1.0197061832667
1	1.83462117570452	-2.21718613395064
1	1.54234478324652	2.40358891824619
1	1.64368706247769	-1.22422207792854
1	2.10834132954478	0.334147453806813
1	0.612375423777849	-1.39803564847456
1	1.28619590010494	-0.174451032557921
1	1.46916773174889	0.783351351827786
1	2.12379504907876	2.2930337934691
1	1.46168954139575	0.297730187532648
1	2.06576509056613	0.923558593615298
1	1.82933668051846	-2.0469322178906
1	2.09992710668594	0.53124334565643
1	2.14875920400955	-2.10728747695471
1	1.70733564305119	1.99003679466908
1	1.8998059367761	0.585548489005208
1	0.743374052224681	-1.77292863257268
1	0.59026536042802	1.24861571570505
1	2.11848597070202	-1.29492193719103
1	1.33285425282083	-0.731304230730097
1	1.81353623052128	2.13077413640801
1	1.89954094151035	-2.78753124109373
1	2.04660623013042	-1.75991835757819
1	2.02904104166664	-0.0886103281252208
1	1.57091750488617	-1.06249479019222
1	1.79120489307679	-0.030990517730762
1	1.21979361497797	-2.24132104144538
1	1.48295158338733	0.757168839445142
1	2.08088113931008	-0.0838518631377935
1	1.25806247424334	1.71611699062779
1	2.05998954321258	0.154571451984688
1	2.08568115280941	-1.31212796409459
1	2.15648597134277	0.252701049239751
1	1.93839460103773	1.55796546556382
1	1.47893023914658	-0.747757293502421
1	1.3373839545995	-0.670017863715357
1	1.2740922621917	-3.26502740098473
1	1.47780524850823	-2.31176867632306
1	1.40744420052506	0.427983994018311
1	1.26818761350587	-0.299542035615595
1	1.74951199912466	1.2899714605128
1	1.25628989334218	-1.43589761934324
1	1.38512831255794	1.45507667477442
1	0.41900351177901	-1.30146760235038
1	1.5018130438868	0.987698836098219
1	1.63428107583895	-2.30960044856882
1	1.48713985788636	-0.5567129328988
1	0.504473497858271	-1.83759917889462
1	0.340999725507572	1.15026073577088
1	2.13455466791056	0.0884251796238898
1	2.0979621026665	1.1077339567738
1	1.80221746470779	-0.0682793901353387
1	1.89414345221594	2.85588153611437
1	1.86908584209159	0.149827713351654
1	1.49182454780675	2.31105444755302
1	0.785329120233655	-0.392566710862129
1	1.67830232721753	0.254690367410407
1	1.33379799458198	-1.3130142144996
1	1.36482311394066	-0.334572489547768
1	0.521227629855275	3.72991191888727
1	1.2652305977419	-2.0071681217733
1	1.31845537857153	2.58458253652754
1	1.28138412632979	-1.43985448243866
1	2.08771641766652	2.47189671653283
1	1.42367165749893	0.753568923024312
1	1.91149700181559	-0.703461113766742
1	1.59561380748637	1.17145404939882
1	1.6175924602896	-1.20301017108719
1	1.39745731679723	-0.234990746224954
1	1.90665268576704	1.90423826197008
1	1.78673082501628	1.96158049508117
1	0.188269490841776	-2.84109177759247
1	0.184464428806677	0.703977169053252
1	1.79943281346932	4.3065130309237
1	1.24863208322786	-0.067250887569898
1	1.92630307311192	-2.97413488392614
1	0.444956694263965	-0.0995128396054991
1	1.20686526345089	1.24994045067748
1	2.09556949143298	-0.160608819968279
1	1.278779975418	-0.260013583611924
1	1.49461355227977	-2.2822780246585
1	0.738742600893602	-1.7881588775584
1	1.5110844232142	-0.481784551705926
1	1.65142488903366	-0.706568275140163
1	2.05313902562484	0.488503527329404
1	1.57557236407883	-1.73900715788232
1	2.01445960071869	-2.01551966617288
1	1.27367156120017	1.71964222662747
1	1.86752313706093	0.957210166086971
1	1.26482669059187	-1.8093985697943
1	1.73076358954422	1.65063226551818
1	1.58767091976479	-0.512234612750392
1	1.9943897836376	-0.86500007620836
1	1.34781691972166	-1.18275972412771
1	2.03313160110265	-0.850384150836107
1	0.54615801689215	1.97074040153869
1	1.78828567806631	0.288575882628622
1	1.59764235913754	-1.9780360739111
1	0.865885691950098	0.293726864420806
1	1.38872694368474	-0.0388639482305577
1	1.98267583134584	-0.792536309301249
1	1.73603797941469	-1.06395739952294
1	1.40145326945931	0.273811764894836
1	1.65114662591368	0.816893549817898
1	1.8149107622914	4.78346424797456
1	1.45495917443186	2.2613679387216
1	0.905292288167402	-0.555158764372341
1	0.826786543475464	-0.0883731965950784
1	0.53137141908519	3.52739513523405
1	1.41975670102984	2.40393918210317
1	0.944424492307007	0.21909350459491
1	1.58619051943533	-0.604187182140911
1	1.43678531078622	2.59780976440353
1	1.76436667381786	1.00300998048165
1	2.10687569510192	-0.657353075820332
1	0.563982164952904	2.06440827645815
1	2.19484548321925	1.66345287055065
1	1.28893934963271	-1.61170170930439
1	2.11461313888431	2.54786921673939
1	1.89767853384838	-2.64691664573227
1	2.07596255051903	-2.21223983117964
1	2.08847044087015	0.941559505083575
1	1.75169566674158	0.141125028815043
1	1.71502837776206	1.085954224645
1	1.26880725524388	-1.83396203763366
1	0.44312506634742	0.0289362858375442
1	1.42282856632955	-0.71357029690386
1	1.54415139257908	1.89482429526645
1	1.29884971403517	-2.1118219953937
1	0.158189812675118	-1.02196107225833
1	0.175779385957867	2.36269902027946
1	2.06159660806879	3.27351477309751
1	1.80880956309848	0.883909968745129
1	2.06460741818883	-2.8347251684846
1	1.67249685809948	-0.891246678833787
1	1.99261228744872	-2.31602917527952
1	1.51269873166457	0.933646954817446
1	0.194688998861238	-0.0108183753146256
1	0.157225949922577	-1.3750777339202
1	1.47669416670688	2.28423657526351
1	1.50724332015961	0.999941809597026
1	1.83336251140572	-0.63273594202984
1	2.10314944158308	3.40185621293212
1	1.3343413265422	-0.0272708502338072
1	1.33704859162681	-1.51137889989913
1	1.87630450520664	1.64733915304253
1	1.30700509138405	-4.27935066983238
1	2.12950260383077	-2.02201164709472
1	1.36845858376473	0.158462036885578
1	0.836904288735241	-1.08253732168199
1	1.58352810568176	-0.0262970911732426
1	0.534021596191451	5.21909935698688
1	1.95922824908048	1.10298275292326
1	2.14967739935964	1.10144375442766
1	1.86602469934151	1.36339835839321
1	1.24489542031661	-3.40261774032393
1	1.32812680774368	-2.02509732917118
1	1.79118086239323	2.04972739675923
1	1.30037413216196	0.739867661702343
1	1.63634902010672	-2.96456534650305
1	1.7387720100116	-1.30867127778566
1	2.04871664689854	-0.825232483977957
1	1.46454652263783	-0.507709669664332
1	1.614221389452	1.01742646276573
1	2.12712783114985	4.68045201268941
1	2.0422261972446	2.20695234543135
1	2.01742343562655	-1.39687986472211
1	1.70723820715211	2.54134418588511
1	0.266249587992206	1.36304358496701
1	1.56917777080089	0.850739526737517
1	1.81400186060928	1.82806714062827
1	1.68851507320069	-1.00065421355482
1	2.10695055644028	-0.176871743332023
1	1.46890232996084	-1.33930545609538
1	1.35946892090142	-0.184926845783905
1	0.656308786477894	-0.725772639460995
1	1.41759962965734	0.197510968231425
1	1.94340465851128	-2.74234990280075
1	1.65056280260906	-1.41234188842674
1	1.31492928722873	-5.03260143069558
1	0.215021870099008	1.2315369215658
1	1.48296311991289	1.4332874111948
1	1.2791761027649	-1.42337717741592
1	1.82975347251631	2.35149390833716
1	1.65865002996288	-1.66644099302512
1	1.52520077214576	1.89066471671729
1	2.08231209362857	-2.33602208465458
1	1.46429924461991	0.620353115613905
1	1.71089097303338	3.07664464375986
1	1.73072194173001	-0.131003897739606
1	1.63077917653136	-3.11676183118234
1	2.13335870234296	2.90020332683352
1	1.61616103518754	-1.34536695298689
1	0.0331222764216364	1.11742912654348
1	1.45415013940074	0.142798355288862
1	1.60407488890924	-0.615351444324405
1	2.14184490549378	4.73556408099926
1	0.178962430683896	1.16197200077377
1	2.17224806505255	1.68069170130493
1	1.96463724579662	-3.93806741976086
1	1.5672978610266	0.094284589331703
1	1.3123146195896	-1.6026424288456
1	1.43024941165932	1.54963929014446
1	1.99555710474961	-0.508382907872926
1	1.46955104363151	2.0293379449443
1	1.31254770797677	-2.00852789941802
1	1.85032039326616	2.56639871366296
1	1.64709159084596	0.514500009443098
1	0.0880404436029494	-0.609510599330384
1	1.6656931895297	2.50700348051726
1	2.03717351593077	-0.0452694595774985
1	2.01480514351279	-1.02849032454023
1	2.18013486643322	2.78694530294847
1	1.57721696379595	-3.0443506103887
1	2.0767673515249	0.520593306433459
1	0.968449112959206	-2.72088214312821
1	1.54674209239893	0.321647888220837
1	1.68264080961235	0.240986926925063
1	1.71536708325148	5.22751909810831
1	1.24414750216529	-1.26627340676701
1	1.63969349889085	-1.06416273248411
1	1.59624931197613	-1.40546100873628
1	1.93361099860631	0.478038748765313
1	2.0434188941028	3.60829374094637
1	1.42994830738753	1.72368088275595
1	1.54362444397993	0.274846334866665
1	1.60713785192929	1.47963016843478
1	2.14599251472391	0.268465162205457
1	0.4420051923953	-1.69955238250224
1	1.26123284250498	0.515936140340722
1	1.70804905756377	1.84583338403571
1	0.1211930855643	-2.70178859738349
1	1.82055031768978	2.17563057500927
1	1.36177318897098	0.501367784220335
1	0.200460737803951	1.3617769806458
1	2.15051712961867	1.98636340455231
1	1.90149930613115	-0.851712268449655
1	1.70128809199668	1.77387166855298
1	1.99400254716165	-0.0775403682257766
1	0.472852502483875	0.979832902984157
1	0.593026759102941	1.53402464962658
1	1.94871695716865	-1.17106312044517
1	2.10516220265999	-0.189487069039324
1	2.0531233263202	-0.644970233732126
1	1.20002298248	0.911763758427935
1	2.18298173351213	1.12912530959939
1	2.00024842405692	-1.93975350147425
1	1.85983833000064	-1.29385439898371
1	2.02802820717916	-1.41253050596381
1	1.66138434088789	-0.564432429177992
1	2.08455381500535	-1.81677330054207
1	1.21884935144335	-3.65483041990597
1	1.4854590609204	-1.20705126112835
1	1.40101722306572	3.55566899698614
1	1.25015938589349	-4.00763722794488
1	0.187869925284758	-2.54941850551319
1	1.55863012005575	-0.0917528494300743
1	1.53455180935562	0.270122304951859
1	1.99651733371429	3.25748689052773
1	0.30789032462053	0.794817265466424
1	1.49501570365392	-0.481983438051899
1	1.29196206741035	3.42047799017887
1	0.316458850167692	1.41821705320074
1	1.81121825152077	2.02513213810493
1	1.44394759698771	4.04141796852871
1	1.22311847941019	1.101723908431
1	2.15577270258218	-1.02935132558247
1	0.0692017676774412	-1.17098177078546
1	0.345610320800915	0.0850498851285669
1	0.898692580405623	0.483010744771178
1	0.134453481761739	0.220648792880902
1	1.74966950626113	-0.581773390159097
1	1.92772820456885	0.586199983893782
1	1.96308667170815	-3.55966288092135
1	2.13367412942462	3.49804413110273
1	1.40316383591853	2.61713612180637
1	2.04508058591746	-1.07091400929385
1	1.2569167775102	-1.28860517798565
1	2.0984639281407	0.640778935064954
1	1.24870399506763	-3.00944943109206
1	0.130910682026297	-1.11844345934841
1	0.809528436046094	-3.9278091874828
1	1.52420263043605	-2.08124394912881
1	1.24704503668472	-1.85060924954169
1	2.06671685427427	1.59573537659868
1	1.9316782225389	-2.79211011456278
1	1.68869059188291	2.66812208283223
1	1.47085812552832	1.01583998250536
1	1.85768911759369	0.501547533739559
1	1.87860509827733	1.79388072653664
1	1.44047076911666	-1.14002895226524
1	1.32371927080676	0.846124099792744
1	1.55930263111368	-1.13699577316803
1	2.12328794742934	-0.692398862919219
1	1.795778061077	4.09774381933062
1	0.579043793026358	0.121220091599132
1	2.14703342905268	1.34436678821993
1	2.19119907314889	-0.347327290642841
1	1.65678480342031	-3.45218325344724
1	1.61870570997708	-1.33048173517072
1	0.471754394937307	-1.5966601878707
1	1.38768221652135	3.18673348227369
1	1.45598131865263	0.864226461004004
1	0.0850691779050976	0.513066858405975
1	2.02164764031768	1.48389512727669
1	1.58615310471505	-0.821484048160878
1	1.44040305824019	0.665370561491438
1	2.00983347515576	0.352528851105385
1	2.00821683211252	1.03938595732197
1	0.940527938539162	-0.0407581498101782
1	1.84398606633767	0.173899966713435
1	1.5716749874875	0.541570687319244
1	1.32273967359215	-2.42625269722302
1	1.96223333133385	-0.836132721643714
1	1.2146896163933	-2.05163314770866
1	0.781842812430114	-3.10082113031068
1	1.7912108886987	0.0301058627858976
1	0.152140442747623	-0.629616622526931
1	1.44520640820265	1.41435677013638
1	1.50638690735213	-1.39552838164317
1	1.87362530529499	-1.79192190386531
1	1.43466390487738	0.166930562208899
1	2.02470499165356	1.77954154683225
1	2.14943809276447	4.36916649489137
1	1.33283150992356	0.0628994519054771
1	1.92741582919844	-0.478582416595812
1	1.67094415407628	-0.514192267172284
1	0.751389939105138	-2.71151196617426
1	1.79381045214832	-0.843119791828582
1	1.6502414050512	-1.53297969263958
1	0.91070673824288	0.769494861116715
1	0.403571643168107	-0.891430878660342
1	1.98255714569241	-2.28200010244314
1	1.82603146163747	-0.0529128314542551
1	2.05116254840978	-1.1087472294812
1	2.17229731245898	-0.781351462563082
1	1.86540412907489	0.613315276024489
1	1.89715014379472	0.469785932988001
1	1.46401229994372	4.95637450519761
1	0.929890874773264	1.75224391083722
1	1.33720168219879	-2.27717751273205
1	1.41709294291213	1.66537136267204
1	1.77146245473996	0.282545956562781
1	1.2784602817148	-0.441419378921679
1	0.383598518557847	-2.46176316912631
1	1.82127066589892	1.69172707563741
1	0.728857686044648	-0.766751741030242
1	1.42145742946304	2.23701927453129
1	1.40511847850867	-1.74671410243529
1	2.13730525299907	4.95448759648886
1	1.92345921257511	0.347498081896035
1	1.46326485956088	1.75374219355673
1	0.730756558012217	-3.84122278692545
1	1.72987298136577	-0.961711962758585
