group	colour	key	showSelected3	size	x
1	#0000FF	featureless test	featureless	4	0
1	#0000FF	featureless test	featureless	4	0.00499999999999997
1	#0000FF	featureless test	featureless	4	0.01
1	#0000FF	featureless test	featureless	4	0.015
1	#0000FF	featureless test	featureless	4	0.02
1	#0000FF	featureless test	featureless	4	0.025
1	#0000FF	featureless test	featureless	4	0.03
1	#0000FF	featureless test	featureless	4	0.035
1	#0000FF	featureless test	featureless	4	0.04
1	#0000FF	featureless test	featureless	4	0.045
1	#0000FF	featureless test	featureless	4	0.05
1	#0000FF	featureless test	featureless	4	0.055
1	#0000FF	featureless test	featureless	4	0.06
1	#0000FF	featureless test	featureless	4	0.065
1	#0000FF	featureless test	featureless	4	0.07
1	#0000FF	featureless test	featureless	4	0.0750000000000001
1	#0000FF	featureless test	featureless	4	0.08
1	#0000FF	featureless test	featureless	4	0.085
1	#0000FF	featureless test	featureless	4	0.09
1	#0000FF	featureless test	featureless	4	0.095
1	#0000FF	featureless test	featureless	4	0.1
1	#0000FF	featureless test	featureless	4	0.105
1	#0000FF	featureless test	featureless	4	0.11
1	#0000FF	featureless test	featureless	4	0.115
1	#0000FF	featureless test	featureless	4	0.12
1	#0000FF	featureless test	featureless	4	0.125
1	#0000FF	featureless test	featureless	4	0.13
1	#0000FF	featureless test	featureless	4	0.135
1	#0000FF	featureless test	featureless	4	0.14
1	#0000FF	featureless test	featureless	4	0.145
1	#0000FF	featureless test	featureless	4	0.15
1	#0000FF	featureless test	featureless	4	0.155
1	#0000FF	featureless test	featureless	4	0.16
1	#0000FF	featureless test	featureless	4	0.165
1	#0000FF	featureless test	featureless	4	0.17
1	#0000FF	featureless test	featureless	4	0.175
1	#0000FF	featureless test	featureless	4	0.18
1	#0000FF	featureless test	featureless	4	0.185
1	#0000FF	featureless test	featureless	4	0.19
1	#0000FF	featureless test	featureless	4	0.195
1	#0000FF	featureless test	featureless	4	0.2
1	#0000FF	featureless test	featureless	4	0.205
1	#0000FF	featureless test	featureless	4	0.21
1	#0000FF	featureless test	featureless	4	0.215
1	#0000FF	featureless test	featureless	4	0.22
1	#0000FF	featureless test	featureless	4	0.225
1	#0000FF	featureless test	featureless	4	0.23
1	#0000FF	featureless test	featureless	4	0.235
1	#0000FF	featureless test	featureless	4	0.24
1	#0000FF	featureless test	featureless	4	0.245
1	#0000FF	featureless test	featureless	4	0.25
1	#0000FF	featureless test	featureless	4	0.255
1	#0000FF	featureless test	featureless	4	0.26
1	#0000FF	featureless test	featureless	4	0.265
1	#0000FF	featureless test	featureless	4	0.27
1	#0000FF	featureless test	featureless	4	0.275
1	#0000FF	featureless test	featureless	4	0.28
1	#0000FF	featureless test	featureless	4	0.285
1	#0000FF	featureless test	featureless	4	0.29
1	#0000FF	featureless test	featureless	4	0.295
1	#0000FF	featureless test	featureless	4	0.3
1	#0000FF	featureless test	featureless	4	0.305
1	#0000FF	featureless test	featureless	4	0.31
1	#0000FF	featureless test	featureless	4	0.315
1	#0000FF	featureless test	featureless	4	0.32
1	#0000FF	featureless test	featureless	4	0.325
1	#0000FF	featureless test	featureless	4	0.33
1	#0000FF	featureless test	featureless	4	0.335
1	#0000FF	featureless test	featureless	4	0.34
1	#0000FF	featureless test	featureless	4	0.345
1	#0000FF	featureless test	featureless	4	0.35
1	#0000FF	featureless test	featureless	4	0.355
1	#0000FF	featureless test	featureless	4	0.36
1	#0000FF	featureless test	featureless	4	0.365
1	#0000FF	featureless test	featureless	4	0.37
1	#0000FF	featureless test	featureless	4	0.375
1	#0000FF	featureless test	featureless	4	0.38
1	#0000FF	featureless test	featureless	4	0.385
1	#0000FF	featureless test	featureless	4	0.39
1	#0000FF	featureless test	featureless	4	0.395
1	#0000FF	featureless test	featureless	4	0.4
1	#0000FF	featureless test	featureless	4	0.405
1	#0000FF	featureless test	featureless	4	0.41
1	#0000FF	featureless test	featureless	4	0.415
1	#0000FF	featureless test	featureless	4	0.42
1	#0000FF	featureless test	featureless	4	0.425
1	#0000FF	featureless test	featureless	4	0.43
1	#0000FF	featureless test	featureless	4	0.435
1	#0000FF	featureless test	featureless	4	0.44
1	#0000FF	featureless test	featureless	4	0.445
1	#0000FF	featureless test	featureless	4	0.45
1	#0000FF	featureless test	featureless	4	0.455
1	#0000FF	featureless test	featureless	4	0.46
1	#0000FF	featureless test	featureless	4	0.465
1	#0000FF	featureless test	featureless	4	0.47
1	#0000FF	featureless test	featureless	4	0.475
1	#0000FF	featureless test	featureless	4	0.48
1	#0000FF	featureless test	featureless	4	0.485
1	#0000FF	featureless test	featureless	4	0.49
1	#0000FF	featureless test	featureless	4	0.495
1	#0000FF	featureless test	featureless	4	0.5
1	#0000FF	featureless test	featureless	4	0.505
1	#0000FF	featureless test	featureless	4	0.51
1	#0000FF	featureless test	featureless	4	0.515
1	#0000FF	featureless test	featureless	4	0.52
1	#0000FF	featureless test	featureless	4	0.525
1	#0000FF	featureless test	featureless	4	0.53
1	#0000FF	featureless test	featureless	4	0.535
1	#0000FF	featureless test	featureless	4	0.54
1	#0000FF	featureless test	featureless	4	0.545
1	#0000FF	featureless test	featureless	4	0.55
1	#0000FF	featureless test	featureless	4	0.555
1	#0000FF	featureless test	featureless	4	0.56
1	#0000FF	featureless test	featureless	4	0.565
1	#0000FF	featureless test	featureless	4	0.57
1	#0000FF	featureless test	featureless	4	0.575
1	#0000FF	featureless test	featureless	4	0.58
1	#0000FF	featureless test	featureless	4	0.585
1	#0000FF	featureless test	featureless	4	0.59
1	#0000FF	featureless test	featureless	4	0.595
1	#0000FF	featureless test	featureless	4	0.6
1	#0000FF	featureless test	featureless	4	0.605
1	#0000FF	featureless test	featureless	4	0.61
1	#0000FF	featureless test	featureless	4	0.615
1	#0000FF	featureless test	featureless	4	0.62
1	#0000FF	featureless test	featureless	4	0.625
1	#0000FF	featureless test	featureless	4	0.63
1	#0000FF	featureless test	featureless	4	0.635
1	#0000FF	featureless test	featureless	4	0.64
1	#0000FF	featureless test	featureless	4	0.645
1	#0000FF	featureless test	featureless	4	0.65
1	#0000FF	featureless test	featureless	4	0.655
1	#0000FF	featureless test	featureless	4	0.66
1	#0000FF	featureless test	featureless	4	0.665
1	#0000FF	featureless test	featureless	4	0.67
1	#0000FF	featureless test	featureless	4	0.675
1	#0000FF	featureless test	featureless	4	0.68
1	#0000FF	featureless test	featureless	4	0.685
1	#0000FF	featureless test	featureless	4	0.69
1	#0000FF	featureless test	featureless	4	0.695
1	#0000FF	featureless test	featureless	4	0.7
1	#0000FF	featureless test	featureless	4	0.705
1	#0000FF	featureless test	featureless	4	0.71
1	#0000FF	featureless test	featureless	4	0.715
1	#0000FF	featureless test	featureless	4	0.72
1	#0000FF	featureless test	featureless	4	0.725
1	#0000FF	featureless test	featureless	4	0.73
1	#0000FF	featureless test	featureless	4	0.735
1	#0000FF	featureless test	featureless	4	0.74
1	#0000FF	featureless test	featureless	4	0.745
1	#0000FF	featureless test	featureless	4	0.75
1	#0000FF	featureless test	featureless	4	0.755
1	#0000FF	featureless test	featureless	4	0.76
1	#0000FF	featureless test	featureless	4	0.765
1	#0000FF	featureless test	featureless	4	0.77
1	#0000FF	featureless test	featureless	4	0.775
1	#0000FF	featureless test	featureless	4	0.78
1	#0000FF	featureless test	featureless	4	0.785
1	#0000FF	featureless test	featureless	4	0.79
1	#0000FF	featureless test	featureless	4	0.795
1	#0000FF	featureless test	featureless	4	0.8
1	#0000FF	featureless test	featureless	4	0.805
1	#0000FF	featureless test	featureless	4	0.81
1	#0000FF	featureless test	featureless	4	0.815
1	#0000FF	featureless test	featureless	4	0.82
1	#0000FF	featureless test	featureless	4	0.825
1	#0000FF	featureless test	featureless	4	0.83
1	#0000FF	featureless test	featureless	4	0.835
1	#0000FF	featureless test	featureless	4	0.84
1	#0000FF	featureless test	featureless	4	0.845
1	#0000FF	featureless test	featureless	4	0.85
1	#0000FF	featureless test	featureless	4	0.855
1	#0000FF	featureless test	featureless	4	0.86
1	#0000FF	featureless test	featureless	4	0.865
1	#0000FF	featureless test	featureless	4	0.87
1	#0000FF	featureless test	featureless	4	0.875
1	#0000FF	featureless test	featureless	4	0.88
1	#0000FF	featureless test	featureless	4	0.885
1	#0000FF	featureless test	featureless	4	0.89
1	#0000FF	featureless test	featureless	4	0.895
1	#0000FF	featureless test	featureless	4	0.9
1	#0000FF	featureless test	featureless	4	0.905
1	#0000FF	featureless test	featureless	4	0.91
1	#0000FF	featureless test	featureless	4	0.915
1	#0000FF	featureless test	featureless	4	0.92
1	#0000FF	featureless test	featureless	4	0.925
1	#0000FF	featureless test	featureless	4	0.93
1	#0000FF	featureless test	featureless	4	0.935
1	#0000FF	featureless test	featureless	4	0.94
1	#0000FF	featureless test	featureless	4	0.945
1	#0000FF	featureless test	featureless	4	0.95
1	#0000FF	featureless test	featureless	4	0.955
1	#0000FF	featureless test	featureless	4	0.96
1	#0000FF	featureless test	featureless	4	0.965
1	#0000FF	featureless test	featureless	4	0.97
1	#0000FF	featureless test	featureless	4	0.975
1	#0000FF	featureless test	featureless	4	0.98
1	#0000FF	featureless test	featureless	4	0.985
1	#0000FF	featureless test	featureless	4	0.99
1	#0000FF	featureless test	featureless	4	0.995
1	#0000FF	featureless test	featureless	4	1
2	#0000FF	featureless train	featureless	4	1.2
2	#0000FF	featureless train	featureless	4	1.205
2	#0000FF	featureless train	featureless	4	1.21
2	#0000FF	featureless train	featureless	4	1.215
2	#0000FF	featureless train	featureless	4	1.22
2	#0000FF	featureless train	featureless	4	1.225
2	#0000FF	featureless train	featureless	4	1.23
2	#0000FF	featureless train	featureless	4	1.235
2	#0000FF	featureless train	featureless	4	1.24
2	#0000FF	featureless train	featureless	4	1.245
2	#0000FF	featureless train	featureless	4	1.25
2	#0000FF	featureless train	featureless	4	1.255
2	#0000FF	featureless train	featureless	4	1.26
2	#0000FF	featureless train	featureless	4	1.265
2	#0000FF	featureless train	featureless	4	1.27
2	#0000FF	featureless train	featureless	4	1.275
2	#0000FF	featureless train	featureless	4	1.28
2	#0000FF	featureless train	featureless	4	1.285
2	#0000FF	featureless train	featureless	4	1.29
2	#0000FF	featureless train	featureless	4	1.295
2	#0000FF	featureless train	featureless	4	1.3
2	#0000FF	featureless train	featureless	4	1.305
2	#0000FF	featureless train	featureless	4	1.31
2	#0000FF	featureless train	featureless	4	1.315
2	#0000FF	featureless train	featureless	4	1.32
2	#0000FF	featureless train	featureless	4	1.325
2	#0000FF	featureless train	featureless	4	1.33
2	#0000FF	featureless train	featureless	4	1.335
2	#0000FF	featureless train	featureless	4	1.34
2	#0000FF	featureless train	featureless	4	1.345
2	#0000FF	featureless train	featureless	4	1.35
2	#0000FF	featureless train	featureless	4	1.355
2	#0000FF	featureless train	featureless	4	1.36
2	#0000FF	featureless train	featureless	4	1.365
2	#0000FF	featureless train	featureless	4	1.37
2	#0000FF	featureless train	featureless	4	1.375
2	#0000FF	featureless train	featureless	4	1.38
2	#0000FF	featureless train	featureless	4	1.385
2	#0000FF	featureless train	featureless	4	1.39
2	#0000FF	featureless train	featureless	4	1.395
2	#0000FF	featureless train	featureless	4	1.4
2	#0000FF	featureless train	featureless	4	1.405
2	#0000FF	featureless train	featureless	4	1.41
2	#0000FF	featureless train	featureless	4	1.415
2	#0000FF	featureless train	featureless	4	1.42
2	#0000FF	featureless train	featureless	4	1.425
2	#0000FF	featureless train	featureless	4	1.43
2	#0000FF	featureless train	featureless	4	1.435
2	#0000FF	featureless train	featureless	4	1.44
2	#0000FF	featureless train	featureless	4	1.445
2	#0000FF	featureless train	featureless	4	1.45
2	#0000FF	featureless train	featureless	4	1.455
2	#0000FF	featureless train	featureless	4	1.46
2	#0000FF	featureless train	featureless	4	1.465
2	#0000FF	featureless train	featureless	4	1.47
2	#0000FF	featureless train	featureless	4	1.475
2	#0000FF	featureless train	featureless	4	1.48
2	#0000FF	featureless train	featureless	4	1.485
2	#0000FF	featureless train	featureless	4	1.49
2	#0000FF	featureless train	featureless	4	1.495
2	#0000FF	featureless train	featureless	4	1.5
2	#0000FF	featureless train	featureless	4	1.505
2	#0000FF	featureless train	featureless	4	1.51
2	#0000FF	featureless train	featureless	4	1.515
2	#0000FF	featureless train	featureless	4	1.52
2	#0000FF	featureless train	featureless	4	1.525
2	#0000FF	featureless train	featureless	4	1.53
2	#0000FF	featureless train	featureless	4	1.535
2	#0000FF	featureless train	featureless	4	1.54
2	#0000FF	featureless train	featureless	4	1.545
2	#0000FF	featureless train	featureless	4	1.55
2	#0000FF	featureless train	featureless	4	1.555
2	#0000FF	featureless train	featureless	4	1.56
2	#0000FF	featureless train	featureless	4	1.565
2	#0000FF	featureless train	featureless	4	1.57
2	#0000FF	featureless train	featureless	4	1.575
2	#0000FF	featureless train	featureless	4	1.58
2	#0000FF	featureless train	featureless	4	1.585
2	#0000FF	featureless train	featureless	4	1.59
2	#0000FF	featureless train	featureless	4	1.595
2	#0000FF	featureless train	featureless	4	1.6
2	#0000FF	featureless train	featureless	4	1.605
2	#0000FF	featureless train	featureless	4	1.61
2	#0000FF	featureless train	featureless	4	1.615
2	#0000FF	featureless train	featureless	4	1.62
2	#0000FF	featureless train	featureless	4	1.625
2	#0000FF	featureless train	featureless	4	1.63
2	#0000FF	featureless train	featureless	4	1.635
2	#0000FF	featureless train	featureless	4	1.64
2	#0000FF	featureless train	featureless	4	1.645
2	#0000FF	featureless train	featureless	4	1.65
2	#0000FF	featureless train	featureless	4	1.655
2	#0000FF	featureless train	featureless	4	1.66
2	#0000FF	featureless train	featureless	4	1.665
2	#0000FF	featureless train	featureless	4	1.67
2	#0000FF	featureless train	featureless	4	1.675
2	#0000FF	featureless train	featureless	4	1.68
2	#0000FF	featureless train	featureless	4	1.685
2	#0000FF	featureless train	featureless	4	1.69
2	#0000FF	featureless train	featureless	4	1.695
2	#0000FF	featureless train	featureless	4	1.7
2	#0000FF	featureless train	featureless	4	1.705
2	#0000FF	featureless train	featureless	4	1.71
2	#0000FF	featureless train	featureless	4	1.715
2	#0000FF	featureless train	featureless	4	1.72
2	#0000FF	featureless train	featureless	4	1.725
2	#0000FF	featureless train	featureless	4	1.73
2	#0000FF	featureless train	featureless	4	1.735
2	#0000FF	featureless train	featureless	4	1.74
2	#0000FF	featureless train	featureless	4	1.745
2	#0000FF	featureless train	featureless	4	1.75
2	#0000FF	featureless train	featureless	4	1.755
2	#0000FF	featureless train	featureless	4	1.76
2	#0000FF	featureless train	featureless	4	1.765
2	#0000FF	featureless train	featureless	4	1.77
2	#0000FF	featureless train	featureless	4	1.775
2	#0000FF	featureless train	featureless	4	1.78
2	#0000FF	featureless train	featureless	4	1.785
2	#0000FF	featureless train	featureless	4	1.79
2	#0000FF	featureless train	featureless	4	1.795
2	#0000FF	featureless train	featureless	4	1.8
2	#0000FF	featureless train	featureless	4	1.805
2	#0000FF	featureless train	featureless	4	1.81
2	#0000FF	featureless train	featureless	4	1.815
2	#0000FF	featureless train	featureless	4	1.82
2	#0000FF	featureless train	featureless	4	1.825
2	#0000FF	featureless train	featureless	4	1.83
2	#0000FF	featureless train	featureless	4	1.835
2	#0000FF	featureless train	featureless	4	1.84
2	#0000FF	featureless train	featureless	4	1.845
2	#0000FF	featureless train	featureless	4	1.85
2	#0000FF	featureless train	featureless	4	1.855
2	#0000FF	featureless train	featureless	4	1.86
2	#0000FF	featureless train	featureless	4	1.865
2	#0000FF	featureless train	featureless	4	1.87
2	#0000FF	featureless train	featureless	4	1.875
2	#0000FF	featureless train	featureless	4	1.88
2	#0000FF	featureless train	featureless	4	1.885
2	#0000FF	featureless train	featureless	4	1.89
2	#0000FF	featureless train	featureless	4	1.895
2	#0000FF	featureless train	featureless	4	1.9
2	#0000FF	featureless train	featureless	4	1.905
2	#0000FF	featureless train	featureless	4	1.91
2	#0000FF	featureless train	featureless	4	1.915
2	#0000FF	featureless train	featureless	4	1.92
2	#0000FF	featureless train	featureless	4	1.925
2	#0000FF	featureless train	featureless	4	1.93
2	#0000FF	featureless train	featureless	4	1.935
2	#0000FF	featureless train	featureless	4	1.94
2	#0000FF	featureless train	featureless	4	1.945
2	#0000FF	featureless train	featureless	4	1.95
2	#0000FF	featureless train	featureless	4	1.955
2	#0000FF	featureless train	featureless	4	1.96
2	#0000FF	featureless train	featureless	4	1.965
2	#0000FF	featureless train	featureless	4	1.97
2	#0000FF	featureless train	featureless	4	1.975
2	#0000FF	featureless train	featureless	4	1.98
2	#0000FF	featureless train	featureless	4	1.985
2	#0000FF	featureless train	featureless	4	1.99
2	#0000FF	featureless train	featureless	4	1.995
2	#0000FF	featureless train	featureless	4	2
2	#0000FF	featureless train	featureless	4	2.005
2	#0000FF	featureless train	featureless	4	2.01
2	#0000FF	featureless train	featureless	4	2.015
2	#0000FF	featureless train	featureless	4	2.02
2	#0000FF	featureless train	featureless	4	2.025
2	#0000FF	featureless train	featureless	4	2.03
2	#0000FF	featureless train	featureless	4	2.035
2	#0000FF	featureless train	featureless	4	2.04
2	#0000FF	featureless train	featureless	4	2.045
2	#0000FF	featureless train	featureless	4	2.05
2	#0000FF	featureless train	featureless	4	2.055
2	#0000FF	featureless train	featureless	4	2.06
2	#0000FF	featureless train	featureless	4	2.065
2	#0000FF	featureless train	featureless	4	2.07
2	#0000FF	featureless train	featureless	4	2.075
2	#0000FF	featureless train	featureless	4	2.08
2	#0000FF	featureless train	featureless	4	2.085
2	#0000FF	featureless train	featureless	4	2.09
2	#0000FF	featureless train	featureless	4	2.095
2	#0000FF	featureless train	featureless	4	2.1
2	#0000FF	featureless train	featureless	4	2.105
2	#0000FF	featureless train	featureless	4	2.11
2	#0000FF	featureless train	featureless	4	2.115
2	#0000FF	featureless train	featureless	4	2.12
2	#0000FF	featureless train	featureless	4	2.125
2	#0000FF	featureless train	featureless	4	2.13
2	#0000FF	featureless train	featureless	4	2.135
2	#0000FF	featureless train	featureless	4	2.14
2	#0000FF	featureless train	featureless	4	2.145
2	#0000FF	featureless train	featureless	4	2.15
2	#0000FF	featureless train	featureless	4	2.155
2	#0000FF	featureless train	featureless	4	2.16
2	#0000FF	featureless train	featureless	4	2.165
2	#0000FF	featureless train	featureless	4	2.17
2	#0000FF	featureless train	featureless	4	2.175
2	#0000FF	featureless train	featureless	4	2.18
2	#0000FF	featureless train	featureless	4	2.185
2	#0000FF	featureless train	featureless	4	2.19
2	#0000FF	featureless train	featureless	4	2.195
2	#0000FF	featureless train	featureless	4	2.2
3	#FF0000	rpart test	rpart	2	0
3	#FF0000	rpart test	rpart	2	0.00499999999999997
3	#FF0000	rpart test	rpart	2	0.01
3	#FF0000	rpart test	rpart	2	0.015
3	#FF0000	rpart test	rpart	2	0.02
3	#FF0000	rpart test	rpart	2	0.025
3	#FF0000	rpart test	rpart	2	0.03
3	#FF0000	rpart test	rpart	2	0.035
3	#FF0000	rpart test	rpart	2	0.04
3	#FF0000	rpart test	rpart	2	0.045
3	#FF0000	rpart test	rpart	2	0.05
3	#FF0000	rpart test	rpart	2	0.055
3	#FF0000	rpart test	rpart	2	0.06
3	#FF0000	rpart test	rpart	2	0.065
3	#FF0000	rpart test	rpart	2	0.07
3	#FF0000	rpart test	rpart	2	0.0750000000000001
3	#FF0000	rpart test	rpart	2	0.08
3	#FF0000	rpart test	rpart	2	0.085
3	#FF0000	rpart test	rpart	2	0.09
3	#FF0000	rpart test	rpart	2	0.095
3	#FF0000	rpart test	rpart	2	0.1
3	#FF0000	rpart test	rpart	2	0.105
3	#FF0000	rpart test	rpart	2	0.11
3	#FF0000	rpart test	rpart	2	0.115
3	#FF0000	rpart test	rpart	2	0.12
3	#FF0000	rpart test	rpart	2	0.125
3	#FF0000	rpart test	rpart	2	0.13
3	#FF0000	rpart test	rpart	2	0.135
3	#FF0000	rpart test	rpart	2	0.14
3	#FF0000	rpart test	rpart	2	0.145
3	#FF0000	rpart test	rpart	2	0.15
3	#FF0000	rpart test	rpart	2	0.155
3	#FF0000	rpart test	rpart	2	0.16
3	#FF0000	rpart test	rpart	2	0.165
3	#FF0000	rpart test	rpart	2	0.17
3	#FF0000	rpart test	rpart	2	0.175
3	#FF0000	rpart test	rpart	2	0.18
3	#FF0000	rpart test	rpart	2	0.185
3	#FF0000	rpart test	rpart	2	0.19
3	#FF0000	rpart test	rpart	2	0.195
3	#FF0000	rpart test	rpart	2	0.2
3	#FF0000	rpart test	rpart	2	0.205
3	#FF0000	rpart test	rpart	2	0.21
3	#FF0000	rpart test	rpart	2	0.215
3	#FF0000	rpart test	rpart	2	0.22
3	#FF0000	rpart test	rpart	2	0.225
3	#FF0000	rpart test	rpart	2	0.23
3	#FF0000	rpart test	rpart	2	0.235
3	#FF0000	rpart test	rpart	2	0.24
3	#FF0000	rpart test	rpart	2	0.245
3	#FF0000	rpart test	rpart	2	0.25
3	#FF0000	rpart test	rpart	2	0.255
3	#FF0000	rpart test	rpart	2	0.26
3	#FF0000	rpart test	rpart	2	0.265
3	#FF0000	rpart test	rpart	2	0.27
3	#FF0000	rpart test	rpart	2	0.275
3	#FF0000	rpart test	rpart	2	0.28
3	#FF0000	rpart test	rpart	2	0.285
3	#FF0000	rpart test	rpart	2	0.29
3	#FF0000	rpart test	rpart	2	0.295
3	#FF0000	rpart test	rpart	2	0.3
3	#FF0000	rpart test	rpart	2	0.305
3	#FF0000	rpart test	rpart	2	0.31
3	#FF0000	rpart test	rpart	2	0.315
3	#FF0000	rpart test	rpart	2	0.32
3	#FF0000	rpart test	rpart	2	0.325
3	#FF0000	rpart test	rpart	2	0.33
3	#FF0000	rpart test	rpart	2	0.335
3	#FF0000	rpart test	rpart	2	0.34
3	#FF0000	rpart test	rpart	2	0.345
3	#FF0000	rpart test	rpart	2	0.35
3	#FF0000	rpart test	rpart	2	0.355
3	#FF0000	rpart test	rpart	2	0.36
3	#FF0000	rpart test	rpart	2	0.365
3	#FF0000	rpart test	rpart	2	0.37
3	#FF0000	rpart test	rpart	2	0.375
3	#FF0000	rpart test	rpart	2	0.38
3	#FF0000	rpart test	rpart	2	0.385
3	#FF0000	rpart test	rpart	2	0.39
3	#FF0000	rpart test	rpart	2	0.395
3	#FF0000	rpart test	rpart	2	0.4
3	#FF0000	rpart test	rpart	2	0.405
3	#FF0000	rpart test	rpart	2	0.41
3	#FF0000	rpart test	rpart	2	0.415
3	#FF0000	rpart test	rpart	2	0.42
3	#FF0000	rpart test	rpart	2	0.425
3	#FF0000	rpart test	rpart	2	0.43
3	#FF0000	rpart test	rpart	2	0.435
3	#FF0000	rpart test	rpart	2	0.44
3	#FF0000	rpart test	rpart	2	0.445
3	#FF0000	rpart test	rpart	2	0.45
3	#FF0000	rpart test	rpart	2	0.455
3	#FF0000	rpart test	rpart	2	0.46
3	#FF0000	rpart test	rpart	2	0.465
3	#FF0000	rpart test	rpart	2	0.47
3	#FF0000	rpart test	rpart	2	0.475
3	#FF0000	rpart test	rpart	2	0.48
3	#FF0000	rpart test	rpart	2	0.485
3	#FF0000	rpart test	rpart	2	0.49
3	#FF0000	rpart test	rpart	2	0.495
3	#FF0000	rpart test	rpart	2	0.5
3	#FF0000	rpart test	rpart	2	0.505
3	#FF0000	rpart test	rpart	2	0.51
3	#FF0000	rpart test	rpart	2	0.515
3	#FF0000	rpart test	rpart	2	0.52
3	#FF0000	rpart test	rpart	2	0.525
3	#FF0000	rpart test	rpart	2	0.53
3	#FF0000	rpart test	rpart	2	0.535
3	#FF0000	rpart test	rpart	2	0.54
3	#FF0000	rpart test	rpart	2	0.545
3	#FF0000	rpart test	rpart	2	0.55
3	#FF0000	rpart test	rpart	2	0.555
3	#FF0000	rpart test	rpart	2	0.56
3	#FF0000	rpart test	rpart	2	0.565
3	#FF0000	rpart test	rpart	2	0.57
3	#FF0000	rpart test	rpart	2	0.575
3	#FF0000	rpart test	rpart	2	0.58
3	#FF0000	rpart test	rpart	2	0.585
3	#FF0000	rpart test	rpart	2	0.59
3	#FF0000	rpart test	rpart	2	0.595
3	#FF0000	rpart test	rpart	2	0.6
3	#FF0000	rpart test	rpart	2	0.605
3	#FF0000	rpart test	rpart	2	0.61
3	#FF0000	rpart test	rpart	2	0.615
3	#FF0000	rpart test	rpart	2	0.62
3	#FF0000	rpart test	rpart	2	0.625
3	#FF0000	rpart test	rpart	2	0.63
3	#FF0000	rpart test	rpart	2	0.635
3	#FF0000	rpart test	rpart	2	0.64
3	#FF0000	rpart test	rpart	2	0.645
3	#FF0000	rpart test	rpart	2	0.65
3	#FF0000	rpart test	rpart	2	0.655
3	#FF0000	rpart test	rpart	2	0.66
3	#FF0000	rpart test	rpart	2	0.665
3	#FF0000	rpart test	rpart	2	0.67
3	#FF0000	rpart test	rpart	2	0.675
3	#FF0000	rpart test	rpart	2	0.68
3	#FF0000	rpart test	rpart	2	0.685
3	#FF0000	rpart test	rpart	2	0.69
3	#FF0000	rpart test	rpart	2	0.695
3	#FF0000	rpart test	rpart	2	0.7
3	#FF0000	rpart test	rpart	2	0.705
3	#FF0000	rpart test	rpart	2	0.71
3	#FF0000	rpart test	rpart	2	0.715
3	#FF0000	rpart test	rpart	2	0.72
3	#FF0000	rpart test	rpart	2	0.725
3	#FF0000	rpart test	rpart	2	0.73
3	#FF0000	rpart test	rpart	2	0.735
3	#FF0000	rpart test	rpart	2	0.74
3	#FF0000	rpart test	rpart	2	0.745
3	#FF0000	rpart test	rpart	2	0.75
3	#FF0000	rpart test	rpart	2	0.755
3	#FF0000	rpart test	rpart	2	0.76
3	#FF0000	rpart test	rpart	2	0.765
3	#FF0000	rpart test	rpart	2	0.77
3	#FF0000	rpart test	rpart	2	0.775
3	#FF0000	rpart test	rpart	2	0.78
3	#FF0000	rpart test	rpart	2	0.785
3	#FF0000	rpart test	rpart	2	0.79
3	#FF0000	rpart test	rpart	2	0.795
3	#FF0000	rpart test	rpart	2	0.8
3	#FF0000	rpart test	rpart	2	0.805
3	#FF0000	rpart test	rpart	2	0.81
3	#FF0000	rpart test	rpart	2	0.815
3	#FF0000	rpart test	rpart	2	0.82
3	#FF0000	rpart test	rpart	2	0.825
3	#FF0000	rpart test	rpart	2	0.83
3	#FF0000	rpart test	rpart	2	0.835
3	#FF0000	rpart test	rpart	2	0.84
3	#FF0000	rpart test	rpart	2	0.845
3	#FF0000	rpart test	rpart	2	0.85
3	#FF0000	rpart test	rpart	2	0.855
3	#FF0000	rpart test	rpart	2	0.86
3	#FF0000	rpart test	rpart	2	0.865
3	#FF0000	rpart test	rpart	2	0.87
3	#FF0000	rpart test	rpart	2	0.875
3	#FF0000	rpart test	rpart	2	0.88
3	#FF0000	rpart test	rpart	2	0.885
3	#FF0000	rpart test	rpart	2	0.89
3	#FF0000	rpart test	rpart	2	0.895
3	#FF0000	rpart test	rpart	2	0.9
3	#FF0000	rpart test	rpart	2	0.905
3	#FF0000	rpart test	rpart	2	0.91
3	#FF0000	rpart test	rpart	2	0.915
3	#FF0000	rpart test	rpart	2	0.92
3	#FF0000	rpart test	rpart	2	0.925
3	#FF0000	rpart test	rpart	2	0.93
3	#FF0000	rpart test	rpart	2	0.935
3	#FF0000	rpart test	rpart	2	0.94
3	#FF0000	rpart test	rpart	2	0.945
3	#FF0000	rpart test	rpart	2	0.95
3	#FF0000	rpart test	rpart	2	0.955
3	#FF0000	rpart test	rpart	2	0.96
3	#FF0000	rpart test	rpart	2	0.965
3	#FF0000	rpart test	rpart	2	0.97
3	#FF0000	rpart test	rpart	2	0.975
3	#FF0000	rpart test	rpart	2	0.98
3	#FF0000	rpart test	rpart	2	0.985
3	#FF0000	rpart test	rpart	2	0.99
3	#FF0000	rpart test	rpart	2	0.995
3	#FF0000	rpart test	rpart	2	1
4	#FF0000	rpart train	rpart	2	1.2
4	#FF0000	rpart train	rpart	2	1.205
4	#FF0000	rpart train	rpart	2	1.21
4	#FF0000	rpart train	rpart	2	1.215
4	#FF0000	rpart train	rpart	2	1.22
4	#FF0000	rpart train	rpart	2	1.225
4	#FF0000	rpart train	rpart	2	1.23
4	#FF0000	rpart train	rpart	2	1.235
4	#FF0000	rpart train	rpart	2	1.24
4	#FF0000	rpart train	rpart	2	1.245
4	#FF0000	rpart train	rpart	2	1.25
4	#FF0000	rpart train	rpart	2	1.255
4	#FF0000	rpart train	rpart	2	1.26
4	#FF0000	rpart train	rpart	2	1.265
4	#FF0000	rpart train	rpart	2	1.27
4	#FF0000	rpart train	rpart	2	1.275
4	#FF0000	rpart train	rpart	2	1.28
4	#FF0000	rpart train	rpart	2	1.285
4	#FF0000	rpart train	rpart	2	1.29
4	#FF0000	rpart train	rpart	2	1.295
4	#FF0000	rpart train	rpart	2	1.3
4	#FF0000	rpart train	rpart	2	1.305
4	#FF0000	rpart train	rpart	2	1.31
4	#FF0000	rpart train	rpart	2	1.315
4	#FF0000	rpart train	rpart	2	1.32
4	#FF0000	rpart train	rpart	2	1.325
4	#FF0000	rpart train	rpart	2	1.33
4	#FF0000	rpart train	rpart	2	1.335
4	#FF0000	rpart train	rpart	2	1.34
4	#FF0000	rpart train	rpart	2	1.345
4	#FF0000	rpart train	rpart	2	1.35
4	#FF0000	rpart train	rpart	2	1.355
4	#FF0000	rpart train	rpart	2	1.36
4	#FF0000	rpart train	rpart	2	1.365
4	#FF0000	rpart train	rpart	2	1.37
4	#FF0000	rpart train	rpart	2	1.375
4	#FF0000	rpart train	rpart	2	1.38
4	#FF0000	rpart train	rpart	2	1.385
4	#FF0000	rpart train	rpart	2	1.39
4	#FF0000	rpart train	rpart	2	1.395
4	#FF0000	rpart train	rpart	2	1.4
4	#FF0000	rpart train	rpart	2	1.405
4	#FF0000	rpart train	rpart	2	1.41
4	#FF0000	rpart train	rpart	2	1.415
4	#FF0000	rpart train	rpart	2	1.42
4	#FF0000	rpart train	rpart	2	1.425
4	#FF0000	rpart train	rpart	2	1.43
4	#FF0000	rpart train	rpart	2	1.435
4	#FF0000	rpart train	rpart	2	1.44
4	#FF0000	rpart train	rpart	2	1.445
4	#FF0000	rpart train	rpart	2	1.45
4	#FF0000	rpart train	rpart	2	1.455
4	#FF0000	rpart train	rpart	2	1.46
4	#FF0000	rpart train	rpart	2	1.465
4	#FF0000	rpart train	rpart	2	1.47
4	#FF0000	rpart train	rpart	2	1.475
4	#FF0000	rpart train	rpart	2	1.48
4	#FF0000	rpart train	rpart	2	1.485
4	#FF0000	rpart train	rpart	2	1.49
4	#FF0000	rpart train	rpart	2	1.495
4	#FF0000	rpart train	rpart	2	1.5
4	#FF0000	rpart train	rpart	2	1.505
4	#FF0000	rpart train	rpart	2	1.51
4	#FF0000	rpart train	rpart	2	1.515
4	#FF0000	rpart train	rpart	2	1.52
4	#FF0000	rpart train	rpart	2	1.525
4	#FF0000	rpart train	rpart	2	1.53
4	#FF0000	rpart train	rpart	2	1.535
4	#FF0000	rpart train	rpart	2	1.54
4	#FF0000	rpart train	rpart	2	1.545
4	#FF0000	rpart train	rpart	2	1.55
4	#FF0000	rpart train	rpart	2	1.555
4	#FF0000	rpart train	rpart	2	1.56
4	#FF0000	rpart train	rpart	2	1.565
4	#FF0000	rpart train	rpart	2	1.57
4	#FF0000	rpart train	rpart	2	1.575
4	#FF0000	rpart train	rpart	2	1.58
4	#FF0000	rpart train	rpart	2	1.585
4	#FF0000	rpart train	rpart	2	1.59
4	#FF0000	rpart train	rpart	2	1.595
4	#FF0000	rpart train	rpart	2	1.6
4	#FF0000	rpart train	rpart	2	1.605
4	#FF0000	rpart train	rpart	2	1.61
4	#FF0000	rpart train	rpart	2	1.615
4	#FF0000	rpart train	rpart	2	1.62
4	#FF0000	rpart train	rpart	2	1.625
4	#FF0000	rpart train	rpart	2	1.63
4	#FF0000	rpart train	rpart	2	1.635
4	#FF0000	rpart train	rpart	2	1.64
4	#FF0000	rpart train	rpart	2	1.645
4	#FF0000	rpart train	rpart	2	1.65
4	#FF0000	rpart train	rpart	2	1.655
4	#FF0000	rpart train	rpart	2	1.66
4	#FF0000	rpart train	rpart	2	1.665
4	#FF0000	rpart train	rpart	2	1.67
4	#FF0000	rpart train	rpart	2	1.675
4	#FF0000	rpart train	rpart	2	1.68
4	#FF0000	rpart train	rpart	2	1.685
4	#FF0000	rpart train	rpart	2	1.69
4	#FF0000	rpart train	rpart	2	1.695
4	#FF0000	rpart train	rpart	2	1.7
4	#FF0000	rpart train	rpart	2	1.705
4	#FF0000	rpart train	rpart	2	1.71
4	#FF0000	rpart train	rpart	2	1.715
4	#FF0000	rpart train	rpart	2	1.72
4	#FF0000	rpart train	rpart	2	1.725
4	#FF0000	rpart train	rpart	2	1.73
4	#FF0000	rpart train	rpart	2	1.735
4	#FF0000	rpart train	rpart	2	1.74
4	#FF0000	rpart train	rpart	2	1.745
4	#FF0000	rpart train	rpart	2	1.75
4	#FF0000	rpart train	rpart	2	1.755
4	#FF0000	rpart train	rpart	2	1.76
4	#FF0000	rpart train	rpart	2	1.765
4	#FF0000	rpart train	rpart	2	1.77
4	#FF0000	rpart train	rpart	2	1.775
4	#FF0000	rpart train	rpart	2	1.78
4	#FF0000	rpart train	rpart	2	1.785
4	#FF0000	rpart train	rpart	2	1.79
4	#FF0000	rpart train	rpart	2	1.795
4	#FF0000	rpart train	rpart	2	1.8
4	#FF0000	rpart train	rpart	2	1.805
4	#FF0000	rpart train	rpart	2	1.81
4	#FF0000	rpart train	rpart	2	1.815
4	#FF0000	rpart train	rpart	2	1.82
4	#FF0000	rpart train	rpart	2	1.825
4	#FF0000	rpart train	rpart	2	1.83
4	#FF0000	rpart train	rpart	2	1.835
4	#FF0000	rpart train	rpart	2	1.84
4	#FF0000	rpart train	rpart	2	1.845
4	#FF0000	rpart train	rpart	2	1.85
4	#FF0000	rpart train	rpart	2	1.855
4	#FF0000	rpart train	rpart	2	1.86
4	#FF0000	rpart train	rpart	2	1.865
4	#FF0000	rpart train	rpart	2	1.87
4	#FF0000	rpart train	rpart	2	1.875
4	#FF0000	rpart train	rpart	2	1.88
4	#FF0000	rpart train	rpart	2	1.885
4	#FF0000	rpart train	rpart	2	1.89
4	#FF0000	rpart train	rpart	2	1.895
4	#FF0000	rpart train	rpart	2	1.9
4	#FF0000	rpart train	rpart	2	1.905
4	#FF0000	rpart train	rpart	2	1.91
4	#FF0000	rpart train	rpart	2	1.915
4	#FF0000	rpart train	rpart	2	1.92
4	#FF0000	rpart train	rpart	2	1.925
4	#FF0000	rpart train	rpart	2	1.93
4	#FF0000	rpart train	rpart	2	1.935
4	#FF0000	rpart train	rpart	2	1.94
4	#FF0000	rpart train	rpart	2	1.945
4	#FF0000	rpart train	rpart	2	1.95
4	#FF0000	rpart train	rpart	2	1.955
4	#FF0000	rpart train	rpart	2	1.96
4	#FF0000	rpart train	rpart	2	1.965
4	#FF0000	rpart train	rpart	2	1.97
4	#FF0000	rpart train	rpart	2	1.975
4	#FF0000	rpart train	rpart	2	1.98
4	#FF0000	rpart train	rpart	2	1.985
4	#FF0000	rpart train	rpart	2	1.99
4	#FF0000	rpart train	rpart	2	1.995
4	#FF0000	rpart train	rpart	2	2
4	#FF0000	rpart train	rpart	2	2.005
4	#FF0000	rpart train	rpart	2	2.01
4	#FF0000	rpart train	rpart	2	2.015
4	#FF0000	rpart train	rpart	2	2.02
4	#FF0000	rpart train	rpart	2	2.025
4	#FF0000	rpart train	rpart	2	2.03
4	#FF0000	rpart train	rpart	2	2.035
4	#FF0000	rpart train	rpart	2	2.04
4	#FF0000	rpart train	rpart	2	2.045
4	#FF0000	rpart train	rpart	2	2.05
4	#FF0000	rpart train	rpart	2	2.055
4	#FF0000	rpart train	rpart	2	2.06
4	#FF0000	rpart train	rpart	2	2.065
4	#FF0000	rpart train	rpart	2	2.07
4	#FF0000	rpart train	rpart	2	2.075
4	#FF0000	rpart train	rpart	2	2.08
4	#FF0000	rpart train	rpart	2	2.085
4	#FF0000	rpart train	rpart	2	2.09
4	#FF0000	rpart train	rpart	2	2.095
4	#FF0000	rpart train	rpart	2	2.1
4	#FF0000	rpart train	rpart	2	2.105
4	#FF0000	rpart train	rpart	2	2.11
4	#FF0000	rpart train	rpart	2	2.115
4	#FF0000	rpart train	rpart	2	2.12
4	#FF0000	rpart train	rpart	2	2.125
4	#FF0000	rpart train	rpart	2	2.13
4	#FF0000	rpart train	rpart	2	2.135
4	#FF0000	rpart train	rpart	2	2.14
4	#FF0000	rpart train	rpart	2	2.145
4	#FF0000	rpart train	rpart	2	2.15
4	#FF0000	rpart train	rpart	2	2.155
4	#FF0000	rpart train	rpart	2	2.16
4	#FF0000	rpart train	rpart	2	2.165
4	#FF0000	rpart train	rpart	2	2.17
4	#FF0000	rpart train	rpart	2	2.175
4	#FF0000	rpart train	rpart	2	2.18
4	#FF0000	rpart train	rpart	2	2.185
4	#FF0000	rpart train	rpart	2	2.19
4	#FF0000	rpart train	rpart	2	2.195
4	#FF0000	rpart train	rpart	2	2.2
